<?xml version="1.0" encoding="UTF-8" standalone="yes"?>
<service serviceGroup="" cachable="false" cacheduration="" description="" endpoint="default" groupType="" id="nearByPlaces" passwordencrypted="false" security="public" type="jsonConnector" smscode="" smsenabled="false">
    <service-config>
        <config-param api-version="" appid="" name="preprocessorname" value=""/>
        <config-param api-version="" appid="" name="postprocessorname" value=""/>
        <config-param api-version="" appid="" name="preprocessorJS" value=""/>
        <config-param api-version="" appid="" name="postprocessorJS" value=""/>
        <config-param api-version="" appid="" name="kony_http_supported_methods" value="POST"/>
        <config-param api-version="" appid="" name="endpointUrl" value="https://maps.googleapis.com/maps/api/place/nearbysearch/json?location=$lat,$lon&amp;radius=$radius&amp;rankBy=$rankBy&amp;type=$type&amp;key=$apiKey"/>
        <config-param api-version="" appid="" name="ignorehttpproxy" value="true"/>
        <config-param api-version="" appid="" name="http.method" value="GET"/>
        <config-param api-version="" appid="" name="dataObjectName" value=""/>
        <config-param api-version="" appid="" name="sockettimeout" value=""/>
        <config-param api-version="" appid="" name="responseEncoding" value="UTF-8"/>
        <config-param api-version="" appid="" name="isembedxmlpresent" value="false"/>
        <config-param api-version="" appid="" name="retrycount" value="0"/>
        <config-param api-version="" appid="" name="jsonpath" value="true"/>
        <config-param api-version="" appid="" name="jsonpath" value="true"/>
    </service-config>
    <service-input passthrough="false">
        <header datatype="" name="" passthrough="false"/>
        <param datatype="string" defaultvalue="" description="" encode="true" format="None" formatvalue="" name="lat" order="" passnull="false" sms-name="" src="request" sourcevalue="" srcformatvalue="" target="request" targetdatatype="java.lang.String" testvalue="-33.8670522" value="">
            <accessType></accessType>
        </param>
        <param datatype="string" defaultvalue="" description="" encode="true" format="None" formatvalue="" name="lon" order="" passnull="false" sms-name="" src="request" sourcevalue="" srcformatvalue="" target="request" targetdatatype="java.lang.String" testvalue="151.1957362" value="">
            <accessType></accessType>
        </param>
        <param datatype="string" defaultvalue="airport" description="" encode="true" format="None" formatvalue="" name="type" order="" passnull="false" sms-name="" src="request" sourcevalue="" srcformatvalue="" target="request" targetdatatype="java.lang.String" testvalue="" value="airport">
            <accessType></accessType>
        </param>
        <param datatype="string" defaultvalue="" description="" encode="true" format="None" formatvalue="" name="apiKey" order="" passnull="false" sms-name="" src="request" sourcevalue="" srcformatvalue="" target="request" targetdatatype="java.lang.String" testvalue="AIzaSyBxz_lS49jNEpML6LiwXTbKQRPsTSS8HZM" value="">
            <accessType></accessType>
        </param>
        <param datatype="string" defaultvalue="distance" description="" encode="true" format="None" formatvalue="" name="rankBy" order="" passnull="false" sms-name="" src="request" sourcevalue="" srcformatvalue="" target="request" targetdatatype="java.lang.String" testvalue="" value="distance">
            <accessType></accessType>
        </param>
        <param datatype="string" defaultvalue="50000" description="" encode="true" format="None" formatvalue="" name="radius" order="" passnull="false" sms-name="" src="request" sourcevalue="" srcformatvalue="" target="request" targetdatatype="java.lang.String" testvalue="" value="50000">
            <accessType></accessType>
        </param>
        <stub-param value=""/>
    </service-input>
    <service-output passthrough="false">
        <dataset id="results" order="" src="$.results[*]">
            <dataset id="photos" order="" src="photos[*]">
                <param datatype="number" defaultvalue="" description="" encode="true" format="None" formatvalue="" name="height" order="" passnull="false" sms-name="" src="height" sourcevalue="" srcformatvalue="" target="response" targetdatatype="java.lang.String" testvalue="" value="">
                    <accessType></accessType>
                </param>
                <param datatype="collection" defaultvalue="" description="" encode="true" format="None" formatvalue="" name="html_attributions" order="" passnull="false" sms-name="" src="html_attributions[*]" sourcevalue="" srcformatvalue="" target="response" targetdatatype="java.lang.String" testvalue="" value="">
                    <accessType></accessType>
                </param>
                <param datatype="string" defaultvalue="" description="" encode="true" format="None" formatvalue="" name="photo_reference" order="" passnull="false" sms-name="" src="photo_reference" sourcevalue="" srcformatvalue="" target="response" targetdatatype="java.lang.String" testvalue="" value="">
                    <accessType></accessType>
                </param>
                <param datatype="number" defaultvalue="" description="" encode="true" format="None" formatvalue="" name="width" order="" passnull="false" sms-name="" src="width" sourcevalue="" srcformatvalue="" target="response" targetdatatype="java.lang.String" testvalue="" value="">
                    <accessType></accessType>
                </param>
            </dataset>
            <param datatype="string" defaultvalue="" description="" encode="true" format="None" formatvalue="" name="icon" order="" passnull="false" sms-name="" src="icon" sourcevalue="" srcformatvalue="" target="response" targetdatatype="java.lang.String" testvalue="" value="">
                <accessType></accessType>
            </param>
            <param datatype="string" defaultvalue="" description="" encode="true" format="None" formatvalue="" name="id" order="" passnull="false" sms-name="" src="id" sourcevalue="" srcformatvalue="" target="response" targetdatatype="java.lang.String" testvalue="" value="">
                <accessType></accessType>
            </param>
            <param datatype="string" defaultvalue="" description="" encode="true" format="None" formatvalue="" name="name" order="" passnull="false" sms-name="" src="name" sourcevalue="" srcformatvalue="" target="response" targetdatatype="java.lang.String" testvalue="" value="">
                <accessType></accessType>
            </param>
            <param datatype="string" defaultvalue="" description="" encode="true" format="None" formatvalue="" name="place_id" order="" passnull="false" sms-name="" src="place_id" sourcevalue="" srcformatvalue="" target="response" targetdatatype="java.lang.String" testvalue="" value="">
                <accessType></accessType>
            </param>
            <param datatype="number" defaultvalue="" description="" encode="true" format="None" formatvalue="" name="rating" order="" passnull="false" sms-name="" src="rating" sourcevalue="" srcformatvalue="" target="response" targetdatatype="java.lang.String" testvalue="" value="">
                <accessType></accessType>
            </param>
            <param datatype="string" defaultvalue="" description="" encode="true" format="None" formatvalue="" name="reference" order="" passnull="false" sms-name="" src="reference" sourcevalue="" srcformatvalue="" target="response" targetdatatype="java.lang.String" testvalue="" value="">
                <accessType></accessType>
            </param>
            <param datatype="string" defaultvalue="" description="" encode="true" format="None" formatvalue="" name="scope" order="" passnull="false" sms-name="" src="scope" sourcevalue="" srcformatvalue="" target="response" targetdatatype="java.lang.String" testvalue="" value="">
                <accessType></accessType>
            </param>
            <param datatype="collection" defaultvalue="" description="" encode="true" format="None" formatvalue="" name="types" order="" passnull="false" sms-name="" src="types[*]" sourcevalue="" srcformatvalue="" target="response" targetdatatype="java.lang.String" testvalue="" value="">
                <accessType></accessType>
            </param>
            <param datatype="string" defaultvalue="" description="" encode="true" format="None" formatvalue="" name="vicinity" order="" passnull="false" sms-name="" src="vicinity" sourcevalue="" srcformatvalue="" target="response" targetdatatype="java.lang.String" testvalue="" value="">
                <accessType></accessType>
            </param>
            <record id="geometry" order="" src="geometry">
                <record id="location" order="" src="location">
                    <param datatype="number" defaultvalue="" description="" encode="true" format="None" formatvalue="" name="lat" order="" passnull="false" sms-name="" src="lat" sourcevalue="" srcformatvalue="" target="response" targetdatatype="java.lang.String" testvalue="" value="">
                        <accessType></accessType>
                    </param>
                    <param datatype="number" defaultvalue="" description="" encode="true" format="None" formatvalue="" name="lng" order="" passnull="false" sms-name="" src="lng" sourcevalue="" srcformatvalue="" target="response" targetdatatype="java.lang.String" testvalue="" value="">
                        <accessType></accessType>
                    </param>
                </record>
                <record id="viewport" order="" src="viewport">
                    <record id="northeast" order="" src="northeast">
                        <param datatype="number" defaultvalue="" description="" encode="true" format="None" formatvalue="" name="lat" order="" passnull="false" sms-name="" src="lat" sourcevalue="" srcformatvalue="" target="response" targetdatatype="java.lang.String" testvalue="" value="">
                            <accessType></accessType>
                        </param>
                        <param datatype="number" defaultvalue="" description="" encode="true" format="None" formatvalue="" name="lng" order="" passnull="false" sms-name="" src="lng" sourcevalue="" srcformatvalue="" target="response" targetdatatype="java.lang.String" testvalue="" value="">
                            <accessType></accessType>
                        </param>
                    </record>
                    <record id="southwest" order="" src="southwest">
                        <param datatype="number" defaultvalue="" description="" encode="true" format="None" formatvalue="" name="lat" order="" passnull="false" sms-name="" src="lat" sourcevalue="" srcformatvalue="" target="response" targetdatatype="java.lang.String" testvalue="" value="">
                            <accessType></accessType>
                        </param>
                        <param datatype="number" defaultvalue="" description="" encode="true" format="None" formatvalue="" name="lng" order="" passnull="false" sms-name="" src="lng" sourcevalue="" srcformatvalue="" target="response" targetdatatype="java.lang.String" testvalue="" value="">
                            <accessType></accessType>
                        </param>
                    </record>
                </record>
            </record>
            <record id="plus_code" order="" src="plus_code">
                <param datatype="string" defaultvalue="" description="" encode="true" format="None" formatvalue="" name="compound_code" order="" passnull="false" sms-name="" src="compound_code" sourcevalue="" srcformatvalue="" target="response" targetdatatype="java.lang.String" testvalue="" value="">
                    <accessType></accessType>
                </param>
                <param datatype="string" defaultvalue="" description="" encode="true" format="None" formatvalue="" name="global_code" order="" passnull="false" sms-name="" src="global_code" sourcevalue="" srcformatvalue="" target="response" targetdatatype="java.lang.String" testvalue="" value="">
                    <accessType></accessType>
                </param>
            </record>
            <record id="opening_hours" order="" src="opening_hours">
                <param datatype="boolean" defaultvalue="" description="" encode="true" format="None" formatvalue="" name="open_now" order="" passnull="false" sms-name="" src="open_now" sourcevalue="" srcformatvalue="" target="response" targetdatatype="java.lang.String" testvalue="" value="">
                    <accessType></accessType>
                </param>
            </record>
        </dataset>
    </service-output>
</service>
