[ {
  "sourceObject" : "checklist_questions_master_tbl",
  "targetObject" : "question_localisation_mapping_tbl",
  "relationshipKeys" : [ {
    "sourceField" : "question_id_pk",
    "targetField" : "question_id_fk",
    "etag" : "ebab14c9-f688-49a2-ba72-d787f2d337e0"
  } ],
  "name" : "checklist_questions_master_tbl_question_localisation_mapping_tbl",
  "type" : "OneToMany",
  "custom" : false,
  "cascadeDelete" : false
}, {
  "sourceObject" : "checklist_questions_master_tbl",
  "targetObject" : "question_options_tbl",
  "relationshipKeys" : [ {
    "sourceField" : "question_id_pk",
    "targetField" : "question_id_fk",
    "etag" : "b05c70ca-b25f-4937-9197-ada3db140ea2"
  } ],
  "name" : "checklist_questions_master_tbl_question_options_tbl",
  "type" : "OneToMany",
  "custom" : false,
  "cascadeDelete" : false
}, {
  "sourceObject" : "checklist_questions_master_tbl",
  "targetObject" : "user_answers_tbl",
  "relationshipKeys" : [ {
    "sourceField" : "question_type_id_fk",
    "targetField" : "question_id_fk",
    "etag" : "74a67da7-1d38-4f49-9bdc-89eca6530de1"
  } ],
  "name" : "checklist_questions_master_tbl_user_answers_tbl",
  "type" : "OneToMany",
  "custom" : false,
  "cascadeDelete" : false
} ]