{
  "operationConfig" : {
    "name" : "queryusertbl8056",
    "type" : "MappedToBackend",
    "cachable" : false,
    "smsEnabled" : false,
    "security" : "authorized_app_user",
    "responseEncoding" : "UTF-8",
    "httpMethod" : "GET",
    "decodeResponseBody" : false,
    "referencingEndpoint" : "default",
    "odata" : [ {
      "id" : "$select",
      "dataType" : "string",
      "encode" : true,
      "accessType" : "readonly"
    }, {
      "id" : "$filter",
      "dataType" : "string",
      "encode" : true,
      "accessType" : "readonly"
    }, {
      "id" : "$orderby",
      "dataType" : "string",
      "encode" : true,
      "accessType" : "readonly"
    }, {
      "id" : "$top",
      "dataType" : "string",
      "encode" : true,
      "accessType" : "readonly"
    }, {
      "id" : "$skip",
      "dataType" : "string",
      "encode" : true,
      "accessType" : "readonly"
    }, {
      "id" : "$expand",
      "dataType" : "string",
      "encode" : true,
      "accessType" : "readonly"
    } ],
    "applyCommonMapping" : true,
    "applyRequestCommonMapping" : true,
    "applyResponseCommonMapping" : true,
    "entityMetadata" : "{\"entityAttributeTypeList\":[{\"name\":\"user_emp_id_pk\",\"jdbcType\":12,\"columnTypeName\":\"VARCHAR\",\"columnDecimalDigits\":0,\"autoGenerated\":false,\"creatable\":true,\"updatable\":false,\"primary\":true,\"softDelete\":false,\"lastModified\":false},{\"name\":\"user_email_id\",\"jdbcType\":12,\"columnTypeName\":\"VARCHAR\",\"columnDecimalDigits\":0,\"autoGenerated\":false,\"creatable\":true,\"updatable\":true,\"primary\":false,\"softDelete\":false,\"lastModified\":false},{\"name\":\"group_id_fk\",\"jdbcType\":4,\"columnTypeName\":\"INT\",\"columnDecimalDigits\":0,\"autoGenerated\":false,\"creatable\":true,\"updatable\":true,\"primary\":false,\"softDelete\":false,\"lastModified\":false},{\"name\":\"user_firstname\",\"jdbcType\":12,\"columnTypeName\":\"VARCHAR\",\"columnDecimalDigits\":0,\"autoGenerated\":false,\"creatable\":true,\"updatable\":true,\"primary\":false,\"softDelete\":false,\"lastModified\":false},{\"name\":\"user_lastname\",\"jdbcType\":12,\"columnTypeName\":\"VARCHAR\",\"columnDecimalDigits\":0,\"autoGenerated\":false,\"creatable\":true,\"updatable\":true,\"primary\":false,\"softDelete\":false,\"lastModified\":false},{\"name\":\"user_phone1\",\"jdbcType\":12,\"columnTypeName\":\"VARCHAR\",\"columnDecimalDigits\":0,\"autoGenerated\":false,\"creatable\":true,\"updatable\":true,\"primary\":false,\"softDelete\":false,\"lastModified\":false},{\"name\":\"country_id_fk\",\"jdbcType\":4,\"columnTypeName\":\"INT\",\"columnDecimalDigits\":0,\"autoGenerated\":false,\"creatable\":true,\"updatable\":true,\"primary\":false,\"softDelete\":false,\"lastModified\":false},{\"name\":\"region_id_fk\",\"jdbcType\":4,\"columnTypeName\":\"INT\",\"columnDecimalDigits\":0,\"autoGenerated\":false,\"creatable\":true,\"updatable\":true,\"primary\":false,\"softDelete\":false,\"lastModified\":false},{\"name\":\"language_id_fk\",\"jdbcType\":4,\"columnTypeName\":\"INT\",\"columnDecimalDigits\":0,\"autoGenerated\":false,\"creatable\":true,\"updatable\":true,\"primary\":false,\"softDelete\":false,\"lastModified\":false},{\"name\":\"createddatetime\",\"jdbcType\":93,\"columnTypeName\":\"TIMESTAMP\",\"columnDecimalDigits\":0,\"autoGenerated\":false,\"creatable\":true,\"updatable\":true,\"primary\":false,\"softDelete\":false,\"lastModified\":false},{\"name\":\"lastupdateddatetime\",\"jdbcType\":93,\"columnTypeName\":\"TIMESTAMP\",\"columnDecimalDigits\":0,\"autoGenerated\":false,\"creatable\":true,\"updatable\":true,\"primary\":false,\"softDelete\":false,\"lastModified\":false},{\"name\":\"softdeleteflag\",\"jdbcType\":-6,\"columnTypeName\":\"TINYINT\",\"columnDecimalDigits\":0,\"autoGenerated\":false,\"creatable\":true,\"updatable\":true,\"primary\":false,\"softDelete\":true,\"lastModified\":false}],\"relationshipTypeList\":[{\"targetEntityType\":{\"name\":\"checkpoints_tbl\",\"schemaName\":\"journey_dev\"},\"relationshipAttributeTypeList\":[{\"sourceEntityAttributeType\":{\"name\":\"user_emp_id_pk\",\"jdbcType\":0,\"columnDecimalDigits\":0,\"autoGenerated\":false,\"creatable\":false,\"updatable\":false,\"primary\":false,\"softDelete\":false,\"lastModified\":false},\"targetEntityAttributeType\":{\"name\":\"checkpoint_reported_by_fk\",\"jdbcType\":0,\"columnDecimalDigits\":0,\"autoGenerated\":false,\"creatable\":false,\"updatable\":false,\"primary\":false,\"softDelete\":false,\"lastModified\":false}}],\"cascadeDelete\":false,\"relationshipType\":\"ONE_TO_MANY\"},{\"targetEntityType\":{\"name\":\"incident_notification_tbl\",\"schemaName\":\"journey_dev\"},\"relationshipAttributeTypeList\":[{\"sourceEntityAttributeType\":{\"name\":\"user_emp_id_pk\",\"jdbcType\":0,\"columnDecimalDigits\":0,\"autoGenerated\":false,\"creatable\":false,\"updatable\":false,\"primary\":false,\"softDelete\":false,\"lastModified\":false},\"targetEntityAttributeType\":{\"name\":\"admin_emp_id_responded_fk\",\"jdbcType\":0,\"columnDecimalDigits\":0,\"autoGenerated\":false,\"creatable\":false,\"updatable\":false,\"primary\":false,\"softDelete\":false,\"lastModified\":false}}],\"cascadeDelete\":false,\"relationshipType\":\"ONE_TO_MANY\"},{\"targetEntityType\":{\"name\":\"journey_tbl\",\"schemaName\":\"journey_dev\"},\"relationshipAttributeTypeList\":[{\"sourceEntityAttributeType\":{\"name\":\"user_emp_id_pk\",\"jdbcType\":0,\"columnDecimalDigits\":0,\"autoGenerated\":false,\"creatable\":false,\"updatable\":false,\"primary\":false,\"softDelete\":false,\"lastModified\":false},\"targetEntityAttributeType\":{\"name\":\"user_emp_id_fk\",\"jdbcType\":0,\"columnDecimalDigits\":0,\"autoGenerated\":false,\"creatable\":false,\"updatable\":false,\"primary\":false,\"softDelete\":false,\"lastModified\":false}}],\"cascadeDelete\":false,\"relationshipType\":\"ONE_TO_MANY\"},{\"targetEntityType\":{\"name\":\"journey_tbl\",\"schemaName\":\"journey_dev\"},\"relationshipAttributeTypeList\":[{\"sourceEntityAttributeType\":{\"name\":\"user_emp_id_pk\",\"jdbcType\":0,\"columnDecimalDigits\":0,\"autoGenerated\":false,\"creatable\":false,\"updatable\":false,\"primary\":false,\"softDelete\":false,\"lastModified\":false},\"targetEntityAttributeType\":{\"name\":\"journey_created_by_fk\",\"jdbcType\":0,\"columnDecimalDigits\":0,\"autoGenerated\":false,\"creatable\":false,\"updatable\":false,\"primary\":false,\"softDelete\":false,\"lastModified\":false}}],\"cascadeDelete\":false,\"relationshipType\":\"ONE_TO_MANY\"},{\"targetEntityType\":{\"name\":\"journey_tbl\",\"schemaName\":\"journey_dev\"},\"relationshipAttributeTypeList\":[{\"sourceEntityAttributeType\":{\"name\":\"user_emp_id_pk\",\"jdbcType\":0,\"columnDecimalDigits\":0,\"autoGenerated\":false,\"creatable\":false,\"updatable\":false,\"primary\":false,\"softDelete\":false,\"lastModified\":false},\"targetEntityAttributeType\":{\"name\":\"journey_last_updated_by\",\"jdbcType\":0,\"columnDecimalDigits\":0,\"autoGenerated\":false,\"creatable\":false,\"updatable\":false,\"primary\":false,\"softDelete\":false,\"lastModified\":false}}],\"cascadeDelete\":false,\"relationshipType\":\"ONE_TO_MANY\"},{\"targetEntityType\":{\"name\":\"notifications_tbl\",\"schemaName\":\"journey_dev\"},\"relationshipAttributeTypeList\":[{\"sourceEntityAttributeType\":{\"name\":\"user_emp_id_pk\",\"jdbcType\":0,\"columnDecimalDigits\":0,\"autoGenerated\":false,\"creatable\":false,\"updatable\":false,\"primary\":false,\"softDelete\":false,\"lastModified\":false},\"targetEntityAttributeType\":{\"name\":\"notification_sent_by_fk\",\"jdbcType\":0,\"columnDecimalDigits\":0,\"autoGenerated\":false,\"creatable\":false,\"updatable\":false,\"primary\":false,\"softDelete\":false,\"lastModified\":false}}],\"cascadeDelete\":false,\"relationshipType\":\"ONE_TO_MANY\"},{\"targetEntityType\":{\"name\":\"vehicle_tbl\",\"schemaName\":\"journey_dev\"},\"relationshipAttributeTypeList\":[{\"sourceEntityAttributeType\":{\"name\":\"user_emp_id_pk\",\"jdbcType\":0,\"columnDecimalDigits\":0,\"autoGenerated\":false,\"creatable\":false,\"updatable\":false,\"primary\":false,\"softDelete\":false,\"lastModified\":false},\"targetEntityAttributeType\":{\"name\":\"user_emp_id_fk\",\"jdbcType\":0,\"columnDecimalDigits\":0,\"autoGenerated\":false,\"creatable\":false,\"updatable\":false,\"primary\":false,\"softDelete\":false,\"lastModified\":false}}],\"cascadeDelete\":false,\"relationshipType\":\"ONE_TO_MANY\"}],\"name\":\"user_tbl\",\"schemaName\":\"journey_dev\",\"entityType\":\"com.kony.rdbms.metadata.model.AnnotatedTable\"}",
    "opcode" : "query",
    "backendMeta" : {
      "qualifiedObjectName" : "journey_dev.user_tbl",
      "backendObjectName" : "user_tbl"
    },
    "relationshipHierarchyMapping" : {
      "children" : [ {
        "children" : [ ],
        "name" : "checkpoints_tbl",
        "actions" : {
          "get" : true
        },
        "selected" : true
      }, {
        "children" : [ ],
        "name" : "incident_notification_tbl",
        "actions" : {
          "get" : true
        },
        "selected" : true
      }, {
        "children" : [ {
          "children" : [ ],
          "name" : "checkpoints_tbl",
          "actions" : {
            "get" : true
          },
          "selected" : true
        }, {
          "children" : [ ],
          "name" : "incident_notification_tbl",
          "actions" : {
            "get" : true
          },
          "selected" : true
        }, {
          "children" : [ ],
          "name" : "journey_notif_map_tbl",
          "actions" : {
            "get" : true
          },
          "selected" : true
        }, {
          "children" : [ ],
          "name" : "journey_passengers_tbl",
          "actions" : {
            "get" : true
          },
          "selected" : true
        }, {
          "children" : [ ],
          "name" : "journey_signature_tbl",
          "actions" : {
            "get" : true
          },
          "selected" : true
        }, {
          "children" : [ ],
          "name" : "user_answers_tbl",
          "actions" : {
            "get" : true
          },
          "selected" : true
        } ],
        "name" : "journey_tbl",
        "actions" : {
          "get" : true
        },
        "selected" : true
      }, {
        "children" : [ {
          "children" : [ ],
          "name" : "journey_notif_map_tbl",
          "actions" : {
            "get" : true
          },
          "selected" : true
        } ],
        "name" : "notifications_tbl",
        "actions" : {
          "get" : true
        },
        "selected" : true
      }, {
        "children" : [ {
          "children" : [ {
            "children" : [ ],
            "name" : "checkpoints_tbl",
            "actions" : {
              "get" : true
            },
            "selected" : true
          }, {
            "children" : [ ],
            "name" : "incident_notification_tbl",
            "actions" : {
              "get" : true
            },
            "selected" : true
          }, {
            "children" : [ ],
            "name" : "journey_notif_map_tbl",
            "actions" : {
              "get" : true
            },
            "selected" : true
          }, {
            "children" : [ ],
            "name" : "journey_passengers_tbl",
            "actions" : {
              "get" : true
            },
            "selected" : true
          }, {
            "children" : [ ],
            "name" : "journey_signature_tbl",
            "actions" : {
              "get" : true
            },
            "selected" : true
          }, {
            "children" : [ ],
            "name" : "user_answers_tbl",
            "actions" : {
              "get" : true
            },
            "selected" : true
          } ],
          "name" : "journey_tbl",
          "actions" : {
            "get" : true
          },
          "selected" : true
        }, {
          "children" : [ ],
          "name" : "vehicle_images_tbl",
          "actions" : {
            "get" : true
          },
          "selected" : true
        } ],
        "name" : "vehicle_tbl",
        "actions" : {
          "get" : true
        },
        "selected" : true
      } ],
      "name" : "user_tbl",
      "actions" : {
        "get" : true
      },
      "selected" : true
    },
    "requestXmlMappingOverride" : false,
    "responseXmlMappingOverride" : false
  }
}