[ {
  "entityTypeId" : "c5f5e3f9-deee-4b29-bf0f-dab92d977740",
  "id" : "f185328c-81d4-416c-afdb-5193404832cc",
  "name" : "createdby",
  "sourceFieldname" : "createdby",
  "description" : "createdby",
  "dataType" : "string",
  "hasIndex" : false,
  "unique" : false,
  "primarykey" : false,
  "namefield" : false,
  "nullable" : true,
  "custom" : false,
  "createable" : true,
  "updateable" : true,
  "audit" : false,
  "customizable" : false,
  "fieldLength" : 50,
  "precision" : 0,
  "fieldOrder" : 0,
  "fieldProperties" : {
    "autoGenerated" : "false"
  }
}, {
  "entityTypeId" : "c5f5e3f9-deee-4b29-bf0f-dab92d977740",
  "id" : "128298fe-a538-4063-8f31-b4e5c6b263c1",
  "name" : "lastupdatedby",
  "sourceFieldname" : "lastupdatedby",
  "description" : "lastupdatedby",
  "dataType" : "string",
  "hasIndex" : false,
  "unique" : false,
  "primarykey" : false,
  "namefield" : false,
  "nullable" : true,
  "custom" : false,
  "createable" : true,
  "updateable" : true,
  "audit" : false,
  "customizable" : false,
  "fieldLength" : 50,
  "precision" : 0,
  "fieldOrder" : 0,
  "fieldProperties" : {
    "autoGenerated" : "false"
  }
}, {
  "entityTypeId" : "c5f5e3f9-deee-4b29-bf0f-dab92d977740",
  "id" : "64a6f092-d8dc-4eb5-afe8-c3159fdadf5e",
  "name" : "lastupdateddatetime",
  "sourceFieldname" : "lastupdateddatetime",
  "description" : "lastupdateddatetime",
  "dataType" : "date",
  "hasIndex" : false,
  "unique" : false,
  "primarykey" : false,
  "namefield" : false,
  "nullable" : true,
  "custom" : false,
  "createable" : true,
  "updateable" : true,
  "audit" : false,
  "customizable" : false,
  "fieldLength" : 19,
  "precision" : 0,
  "fieldOrder" : 0,
  "fieldProperties" : {
    "autoGenerated" : "false"
  }
}, {
  "entityTypeId" : "c5f5e3f9-deee-4b29-bf0f-dab92d977740",
  "id" : "16fa635b-0ddb-4d8e-bd6c-a5c4ac27a1a5",
  "name" : "softdeleteflag",
  "sourceFieldname" : "softdeleteflag",
  "description" : "softdeleteflag",
  "dataType" : "boolean",
  "hasIndex" : false,
  "unique" : false,
  "primarykey" : false,
  "namefield" : false,
  "nullable" : true,
  "custom" : false,
  "createable" : true,
  "updateable" : true,
  "audit" : false,
  "customizable" : false,
  "fieldLength" : 0,
  "precision" : 0,
  "fieldOrder" : 0,
  "fieldProperties" : {
    "autoGenerated" : "false"
  }
}, {
  "entityTypeId" : "c5f5e3f9-deee-4b29-bf0f-dab92d977740",
  "id" : "f22961ec-c64b-43bb-9fec-1e0e53b52acf",
  "name" : "tracking_point_address",
  "sourceFieldname" : "tracking_point_address",
  "description" : "tracking_point_address",
  "dataType" : "string",
  "hasIndex" : false,
  "unique" : false,
  "primarykey" : false,
  "namefield" : false,
  "nullable" : true,
  "custom" : false,
  "createable" : true,
  "updateable" : true,
  "audit" : false,
  "customizable" : false,
  "fieldLength" : 200,
  "precision" : 0,
  "fieldOrder" : 0,
  "fieldProperties" : {
    "autoGenerated" : "false"
  }
}, {
  "entityTypeId" : "c5f5e3f9-deee-4b29-bf0f-dab92d977740",
  "id" : "77e02ace-328f-4feb-bde3-8e391b890c69",
  "name" : "tracking_point_email_id",
  "sourceFieldname" : "tracking_point_email_id",
  "description" : "tracking_point_email_id",
  "dataType" : "string",
  "hasIndex" : false,
  "unique" : false,
  "primarykey" : false,
  "namefield" : false,
  "nullable" : true,
  "custom" : false,
  "createable" : true,
  "updateable" : true,
  "audit" : false,
  "customizable" : false,
  "fieldLength" : 100,
  "precision" : 0,
  "fieldOrder" : 0,
  "fieldProperties" : {
    "autoGenerated" : "false"
  }
}, {
  "entityTypeId" : "c5f5e3f9-deee-4b29-bf0f-dab92d977740",
  "id" : "f391f267-56d7-47ed-8415-259ca6d2d7bb",
  "name" : "tracking_point_id_pk",
  "sourceFieldname" : "tracking_point_id_pk",
  "description" : "tracking_point_id_pk",
  "dataType" : "number",
  "hasIndex" : false,
  "unique" : false,
  "primarykey" : true,
  "namefield" : false,
  "nullable" : false,
  "custom" : false,
  "createable" : false,
  "updateable" : false,
  "audit" : false,
  "customizable" : false,
  "fieldLength" : 10,
  "precision" : 0,
  "fieldOrder" : 0,
  "fieldProperties" : {
    "autoGenerated" : "true"
  }
}, {
  "entityTypeId" : "c5f5e3f9-deee-4b29-bf0f-dab92d977740",
  "id" : "c28adc1a-da9d-498d-ae09-3c8ee2d4a6fb",
  "name" : "tracking_point_lat",
  "sourceFieldname" : "tracking_point_lat",
  "description" : "tracking_point_lat",
  "dataType" : "string",
  "hasIndex" : false,
  "unique" : false,
  "primarykey" : false,
  "namefield" : false,
  "nullable" : true,
  "custom" : false,
  "createable" : true,
  "updateable" : true,
  "audit" : false,
  "customizable" : false,
  "fieldLength" : 45,
  "precision" : 0,
  "fieldOrder" : 0,
  "fieldProperties" : {
    "autoGenerated" : "false"
  }
}, {
  "entityTypeId" : "c5f5e3f9-deee-4b29-bf0f-dab92d977740",
  "id" : "8939afaa-b47a-481e-9a18-ba51290a40d0",
  "name" : "tracking_point_lon",
  "sourceFieldname" : "tracking_point_lon",
  "description" : "tracking_point_lon",
  "dataType" : "string",
  "hasIndex" : false,
  "unique" : false,
  "primarykey" : false,
  "namefield" : false,
  "nullable" : true,
  "custom" : false,
  "createable" : true,
  "updateable" : true,
  "audit" : false,
  "customizable" : false,
  "fieldLength" : 45,
  "precision" : 0,
  "fieldOrder" : 0,
  "fieldProperties" : {
    "autoGenerated" : "false"
  }
}, {
  "entityTypeId" : "c5f5e3f9-deee-4b29-bf0f-dab92d977740",
  "id" : "4ac66888-da02-4603-a1a5-5963698947f5",
  "name" : "tracking_point_phone_1",
  "sourceFieldname" : "tracking_point_phone_1",
  "description" : "tracking_point_phone_1",
  "dataType" : "string",
  "hasIndex" : false,
  "unique" : false,
  "primarykey" : false,
  "namefield" : false,
  "nullable" : true,
  "custom" : false,
  "createable" : true,
  "updateable" : true,
  "audit" : false,
  "customizable" : false,
  "fieldLength" : 20,
  "precision" : 0,
  "fieldOrder" : 0,
  "fieldProperties" : {
    "autoGenerated" : "false"
  }
}, {
  "entityTypeId" : "c5f5e3f9-deee-4b29-bf0f-dab92d977740",
  "id" : "12cdc079-9b26-4a92-9e68-e7398ea4334d",
  "name" : "tracking_point_phone_2",
  "sourceFieldname" : "tracking_point_phone_2",
  "description" : "tracking_point_phone_2",
  "dataType" : "string",
  "hasIndex" : false,
  "unique" : false,
  "primarykey" : false,
  "namefield" : false,
  "nullable" : true,
  "custom" : false,
  "createable" : true,
  "updateable" : true,
  "audit" : false,
  "customizable" : false,
  "fieldLength" : 20,
  "precision" : 0,
  "fieldOrder" : 0,
  "fieldProperties" : {
    "autoGenerated" : "false"
  }
} ]