[ {
  "sourceObject" : "country_master_tbl",
  "targetObject" : "guides_manuals_tbl",
  "relationshipKeys" : [ {
    "sourceField" : "country_id_pk",
    "targetField" : "country_id_fk",
    "etag" : "06cf06d0-59e9-44e7-b03b-daa9e2069d2f"
  } ],
  "name" : "country_master_tbl_guides_manuals_tbl",
  "type" : "OneToMany",
  "custom" : false,
  "cascadeDelete" : false
}, {
  "sourceObject" : "country_master_tbl",
  "targetObject" : "question_localisation_mapping_tbl",
  "relationshipKeys" : [ {
    "sourceField" : "country_id_pk",
    "targetField" : "country_id_fk",
    "etag" : "5fcbd1fb-13f9-40a0-a339-67df36a2504d"
  } ],
  "name" : "country_master_tbl_question_localisation_mapping_tbl",
  "type" : "OneToMany",
  "custom" : false,
  "cascadeDelete" : false
}, {
  "sourceObject" : "country_master_tbl",
  "targetObject" : "region_master_tbl",
  "relationshipKeys" : [ {
    "sourceField" : "country_id_pk",
    "targetField" : "country_id_fk",
    "etag" : "3a6a8f7a-fa95-4897-94eb-614702fd5872"
  } ],
  "name" : "country_master_tbl_region_master_tbl",
  "type" : "OneToMany",
  "custom" : false,
  "cascadeDelete" : false
} ]