<?xml version="1.0" encoding="UTF-8" standalone="yes"?>
<service serviceGroup="" cachable="false" cacheduration="" description="" endpoint="default" groupType="" id="getEta" passwordencrypted="false" security="public" type="jsonConnector" smscode="" smsenabled="false">
    <service-config>
        <config-param api-version="" appid="" name="preprocessorname" value=""/>
        <config-param api-version="" appid="" name="postprocessorname" value=""/>
        <config-param api-version="" appid="" name="preprocessorJS" value=""/>
        <config-param api-version="" appid="" name="postprocessorJS" value=""/>
        <config-param api-version="" appid="" name="kony_http_supported_methods" value="POST"/>
        <config-param api-version="" appid="" name="endpointUrl" value="https://maps.googleapis.com/maps/api/directions/json?origin=$srcLat,$srcLon&amp;destination=$destLat,$destLon&amp;waypoints=$waypoints&amp;key=$key"/>
        <config-param api-version="" appid="" name="ignorehttpproxy" value="true"/>
        <config-param api-version="" appid="" name="http.method" value="GET"/>
        <config-param api-version="" appid="" name="dataObjectName" value=""/>
        <config-param api-version="" appid="" name="sockettimeout" value=""/>
        <config-param api-version="" appid="" name="responseEncoding" value="UTF-8"/>
        <config-param api-version="" appid="" name="isembedxmlpresent" value="false"/>
        <config-param api-version="" appid="" name="retrycount" value="0"/>
        <config-param api-version="" appid="" name="jsonpath" value="true"/>
    </service-config>
    <service-input passthrough="false">
        <header datatype="" name="" passthrough="false"/>
        <param datatype="string" defaultvalue="" description="" encode="true" format="None" formatvalue="" name="srcLat" order="" passnull="false" sms-name="" src="request" sourcevalue="" srcformatvalue="" target="request" targetdatatype="java.lang.String" testvalue="33.7625493" value="">
            <accessType></accessType>
        </param>
        <param datatype="string" defaultvalue="" description="" encode="true" format="None" formatvalue="" name="srcLon" order="" passnull="false" sms-name="" src="request" sourcevalue="" srcformatvalue="" target="request" targetdatatype="java.lang.String" testvalue="-84.3914096" value="">
            <accessType></accessType>
        </param>
        <param datatype="string" defaultvalue="" description="" encode="true" format="None" formatvalue="" name="destLat" order="" passnull="false" sms-name="" src="request" sourcevalue="" srcformatvalue="" target="request" targetdatatype="java.lang.String" testvalue="29.858389" value="">
            <accessType></accessType>
        </param>
        <param datatype="string" defaultvalue="" description="" encode="true" format="None" formatvalue="" name="destLon" order="" passnull="false" sms-name="" src="request" sourcevalue="" srcformatvalue="" target="request" targetdatatype="java.lang.String" testvalue="-95.378321" value="">
            <accessType></accessType>
        </param>
        <param datatype="string" defaultvalue="" description="" encode="true" format="None" formatvalue="" name="waypoints" order="" passnull="false" sms-name="" src="request" sourcevalue="" srcformatvalue="" target="request" targetdatatype="java.lang.String" testvalue="33.5275029,-84.0752941|36.742273,-80.9760988" value="">
            <accessType></accessType>
        </param>
        <param datatype="string" defaultvalue="" description="" encode="true" format="None" formatvalue="" name="key" order="" passnull="false" sms-name="" src="request" sourcevalue="" srcformatvalue="" target="request" targetdatatype="java.lang.String" testvalue="AIzaSyBxz_lS49jNEpML6LiwXTbKQRPsTSS8HZM" value="">
            <accessType></accessType>
        </param>
        <stub-param value=""/>
    </service-input>
    <service-output passthrough="false">
        <dataset id="routes" order="" src="$.routes[*]">
            <dataset id="legs" order="" src="legs[*]">
                <dataset id="steps" order="" src="steps[*]">
                    <param datatype="string" defaultvalue="" description="" encode="true" format="None" formatvalue="" name="html_instructions" order="" passnull="false" sms-name="" src="html_instructions" sourcevalue="" srcformatvalue="" target="response" targetdatatype="java.lang.String" testvalue="" value="">
                        <accessType></accessType>
                    </param>
                    <param datatype="string" defaultvalue="" description="" encode="true" format="None" formatvalue="" name="travel_mode" order="" passnull="false" sms-name="" src="travel_mode" sourcevalue="" srcformatvalue="" target="response" targetdatatype="java.lang.String" testvalue="" value="">
                        <accessType></accessType>
                    </param>
                    <param datatype="string" defaultvalue="" description="" encode="true" format="None" formatvalue="" name="maneuver" order="" passnull="false" sms-name="" src="maneuver" sourcevalue="" srcformatvalue="" target="response" targetdatatype="java.lang.String" testvalue="" value="">
                        <accessType></accessType>
                    </param>
                    <record id="distance" order="" src="distance">
                        <param datatype="string" defaultvalue="" description="" encode="true" format="None" formatvalue="" name="text" order="" passnull="false" sms-name="" src="text" sourcevalue="" srcformatvalue="" target="response" targetdatatype="java.lang.String" testvalue="" value="">
                            <accessType></accessType>
                        </param>
                        <param datatype="number" defaultvalue="" description="" encode="true" format="None" formatvalue="" name="value" order="" passnull="false" sms-name="" src="value" sourcevalue="" srcformatvalue="" target="response" targetdatatype="java.lang.String" testvalue="" value="">
                            <accessType></accessType>
                        </param>
                    </record>
                    <record id="duration" order="" src="duration">
                        <param datatype="string" defaultvalue="" description="" encode="true" format="None" formatvalue="" name="text" order="" passnull="false" sms-name="" src="text" sourcevalue="" srcformatvalue="" target="response" targetdatatype="java.lang.String" testvalue="" value="">
                            <accessType></accessType>
                        </param>
                        <param datatype="number" defaultvalue="" description="" encode="true" format="None" formatvalue="" name="value" order="" passnull="false" sms-name="" src="value" sourcevalue="" srcformatvalue="" target="response" targetdatatype="java.lang.String" testvalue="" value="">
                            <accessType></accessType>
                        </param>
                    </record>
                    <record id="end_location" order="" src="end_location">
                        <param datatype="number" defaultvalue="" description="" encode="true" format="None" formatvalue="" name="lat" order="" passnull="false" sms-name="" src="lat" sourcevalue="" srcformatvalue="" target="response" targetdatatype="java.lang.String" testvalue="" value="">
                            <accessType></accessType>
                        </param>
                        <param datatype="number" defaultvalue="" description="" encode="true" format="None" formatvalue="" name="lng" order="" passnull="false" sms-name="" src="lng" sourcevalue="" srcformatvalue="" target="response" targetdatatype="java.lang.String" testvalue="" value="">
                            <accessType></accessType>
                        </param>
                    </record>
                    <record id="polyline" order="" src="polyline">
                        <param datatype="string" defaultvalue="" description="" encode="true" format="None" formatvalue="" name="points" order="" passnull="false" sms-name="" src="points" sourcevalue="" srcformatvalue="" target="response" targetdatatype="java.lang.String" testvalue="" value="">
                            <accessType></accessType>
                        </param>
                    </record>
                    <record id="start_location" order="" src="start_location">
                        <param datatype="number" defaultvalue="" description="" encode="true" format="None" formatvalue="" name="lat" order="" passnull="false" sms-name="" src="lat" sourcevalue="" srcformatvalue="" target="response" targetdatatype="java.lang.String" testvalue="" value="">
                            <accessType></accessType>
                        </param>
                        <param datatype="number" defaultvalue="" description="" encode="true" format="None" formatvalue="" name="lng" order="" passnull="false" sms-name="" src="lng" sourcevalue="" srcformatvalue="" target="response" targetdatatype="java.lang.String" testvalue="" value="">
                            <accessType></accessType>
                        </param>
                    </record>
                </dataset>
                <param datatype="string" defaultvalue="" description="" encode="true" format="None" formatvalue="" name="end_address" order="" passnull="false" sms-name="" src="end_address" sourcevalue="" srcformatvalue="" target="response" targetdatatype="java.lang.String" testvalue="" value="">
                    <accessType></accessType>
                </param>
                <param datatype="string" defaultvalue="" description="" encode="true" format="None" formatvalue="" name="start_address" order="" passnull="false" sms-name="" src="start_address" sourcevalue="" srcformatvalue="" target="response" targetdatatype="java.lang.String" testvalue="" value="">
                    <accessType></accessType>
                </param>
                <param datatype="collection" defaultvalue="" description="" encode="true" format="None" formatvalue="" name="traffic_speed_entry" order="" passnull="false" sms-name="" src="traffic_speed_entry[*]" sourcevalue="" srcformatvalue="" target="response" targetdatatype="java.lang.String" testvalue="" value="">
                    <accessType></accessType>
                </param>
                <param datatype="collection" defaultvalue="" description="" encode="true" format="None" formatvalue="" name="via_waypoint" order="" passnull="false" sms-name="" src="via_waypoint[*]" sourcevalue="" srcformatvalue="" target="response" targetdatatype="java.lang.String" testvalue="" value="">
                    <accessType></accessType>
                </param>
                <record id="distance" order="" src="distance">
                    <param datatype="string" defaultvalue="" description="" encode="true" format="None" formatvalue="" name="text" order="" passnull="false" sms-name="" src="text" sourcevalue="" srcformatvalue="" target="response" targetdatatype="java.lang.String" testvalue="" value="">
                        <accessType></accessType>
                    </param>
                    <param datatype="number" defaultvalue="" description="" encode="true" format="None" formatvalue="" name="value" order="" passnull="false" sms-name="" src="value" sourcevalue="" srcformatvalue="" target="response" targetdatatype="java.lang.String" testvalue="" value="">
                        <accessType></accessType>
                    </param>
                </record>
                <record id="duration" order="" src="duration">
                    <param datatype="string" defaultvalue="" description="" encode="true" format="None" formatvalue="" name="text" order="" passnull="false" sms-name="" src="text" sourcevalue="" srcformatvalue="" target="response" targetdatatype="java.lang.String" testvalue="" value="">
                        <accessType></accessType>
                    </param>
                    <param datatype="number" defaultvalue="" description="" encode="true" format="None" formatvalue="" name="value" order="" passnull="false" sms-name="" src="value" sourcevalue="" srcformatvalue="" target="response" targetdatatype="java.lang.String" testvalue="" value="">
                        <accessType></accessType>
                    </param>
                </record>
                <record id="end_location" order="" src="end_location">
                    <param datatype="number" defaultvalue="" description="" encode="true" format="None" formatvalue="" name="lat" order="" passnull="false" sms-name="" src="lat" sourcevalue="" srcformatvalue="" target="response" targetdatatype="java.lang.String" testvalue="" value="">
                        <accessType></accessType>
                    </param>
                    <param datatype="number" defaultvalue="" description="" encode="true" format="None" formatvalue="" name="lng" order="" passnull="false" sms-name="" src="lng" sourcevalue="" srcformatvalue="" target="response" targetdatatype="java.lang.String" testvalue="" value="">
                        <accessType></accessType>
                    </param>
                </record>
                <record id="start_location" order="" src="start_location">
                    <param datatype="number" defaultvalue="" description="" encode="true" format="None" formatvalue="" name="lat" order="" passnull="false" sms-name="" src="lat" sourcevalue="" srcformatvalue="" target="response" targetdatatype="java.lang.String" testvalue="" value="">
                        <accessType></accessType>
                    </param>
                    <param datatype="number" defaultvalue="" description="" encode="true" format="None" formatvalue="" name="lng" order="" passnull="false" sms-name="" src="lng" sourcevalue="" srcformatvalue="" target="response" targetdatatype="java.lang.String" testvalue="" value="">
                        <accessType></accessType>
                    </param>
                </record>
            </dataset>
            <param datatype="string" defaultvalue="" description="" encode="true" format="None" formatvalue="" name="copyrights" order="" passnull="false" sms-name="" src="copyrights" sourcevalue="" srcformatvalue="" target="response" targetdatatype="java.lang.String" testvalue="" value="">
                <accessType></accessType>
            </param>
            <param datatype="string" defaultvalue="" description="" encode="true" format="None" formatvalue="" name="summary" order="" passnull="false" sms-name="" src="summary" sourcevalue="" srcformatvalue="" target="response" targetdatatype="java.lang.String" testvalue="" value="">
                <accessType></accessType>
            </param>
            <param datatype="collection" defaultvalue="" description="" encode="true" format="None" formatvalue="" name="warnings" order="" passnull="false" sms-name="" src="warnings[*]" sourcevalue="" srcformatvalue="" target="response" targetdatatype="java.lang.String" testvalue="" value="">
                <accessType></accessType>
            </param>
            <param datatype="collection" defaultvalue="" description="" encode="true" format="None" formatvalue="" name="waypoint_order" order="" passnull="false" sms-name="" src="waypoint_order[*]" sourcevalue="" srcformatvalue="" target="response" targetdatatype="java.lang.String" testvalue="" value="">
                <accessType></accessType>
            </param>
            <record id="bounds" order="" src="bounds">
                <record id="northeast" order="" src="northeast">
                    <param datatype="number" defaultvalue="" description="" encode="true" format="None" formatvalue="" name="lat" order="" passnull="false" sms-name="" src="lat" sourcevalue="" srcformatvalue="" target="response" targetdatatype="java.lang.String" testvalue="" value="">
                        <accessType></accessType>
                    </param>
                    <param datatype="number" defaultvalue="" description="" encode="true" format="None" formatvalue="" name="lng" order="" passnull="false" sms-name="" src="lng" sourcevalue="" srcformatvalue="" target="response" targetdatatype="java.lang.String" testvalue="" value="">
                        <accessType></accessType>
                    </param>
                </record>
                <record id="southwest" order="" src="southwest">
                    <param datatype="number" defaultvalue="" description="" encode="true" format="None" formatvalue="" name="lat" order="" passnull="false" sms-name="" src="lat" sourcevalue="" srcformatvalue="" target="response" targetdatatype="java.lang.String" testvalue="" value="">
                        <accessType></accessType>
                    </param>
                    <param datatype="number" defaultvalue="" description="" encode="true" format="None" formatvalue="" name="lng" order="" passnull="false" sms-name="" src="lng" sourcevalue="" srcformatvalue="" target="response" targetdatatype="java.lang.String" testvalue="" value="">
                        <accessType></accessType>
                    </param>
                </record>
            </record>
            <record id="overview_polyline" order="" src="overview_polyline">
                <param datatype="string" defaultvalue="" description="" encode="true" format="None" formatvalue="" name="points" order="" passnull="false" sms-name="" src="points" sourcevalue="" srcformatvalue="" target="response" targetdatatype="java.lang.String" testvalue="" value="">
                    <accessType></accessType>
                </param>
            </record>
        </dataset>
    </service-output>
</service>
