{
  "operationConfig" : {
    "name" : "updateadgroupmastertbl8580",
    "type" : "MappedToBackend",
    "cachable" : false,
    "smsEnabled" : false,
    "security" : "authorized_app",
    "responseEncoding" : "UTF-8",
    "httpMethod" : "GET",
    "decodeResponseBody" : false,
    "referencingEndpoint" : "default",
    "inputs" : [ {
      "id" : "group_id_pk",
      "scope" : "request",
      "dataType" : "number",
      "encode" : true,
      "passNull" : false
    }, {
      "id" : "group_name",
      "scope" : "request",
      "dataType" : "string",
      "encode" : true,
      "passNull" : false
    }, {
      "id" : "admin_flag",
      "scope" : "request",
      "dataType" : "number",
      "encode" : true,
      "passNull" : false
    }, {
      "id" : "createddatetime",
      "scope" : "request",
      "dataType" : "date",
      "encode" : true,
      "passNull" : false
    }, {
      "id" : "lastupdateddatetime",
      "scope" : "request",
      "dataType" : "date",
      "encode" : true,
      "passNull" : false
    }, {
      "id" : "softdeleteflag",
      "scope" : "request",
      "dataType" : "boolean",
      "encode" : true,
      "passNull" : false
    }, {
      "id" : "createdby",
      "scope" : "request",
      "dataType" : "string",
      "encode" : true,
      "passNull" : false
    }, {
      "id" : "lastupdatedby",
      "scope" : "request",
      "dataType" : "string",
      "encode" : true,
      "passNull" : false
    } ],
    "iMapping" : "<?xml version=\"1.0\" encoding=\"UTF-8\" standalone=\"yes\"?><mapper xmlns=\"http://www.kony.com/ns/mapper\"><map inputpath=\"request_in\" outputpath=\"request_out\"><exec-function name=\"kony.gen.obj.ad_group_master_tbl.toLOBFields\"/><exec-function name=\"kony.gen.obj.ad_group_master_tbl__metadata.toLOBFields\"/><map inputpath=\"user_tbl\" outputpath=\"user_tbl\"><exec-function name=\"kony.gen.obj.user_tbl.toLOBFields\"/><exec-function name=\"kony.gen.obj.user_tbl__metadata.toLOBFields\"/><map inputpath=\"checkpoints_tbl\" outputpath=\"checkpoints_tbl\"><exec-function name=\"kony.gen.obj.checkpoints_tbl.toLOBFields\"/><exec-function name=\"kony.gen.obj.checkpoints_tbl__metadata.toLOBFields\"/></map><map inputpath=\"incident_notification_tbl\" outputpath=\"incident_notification_tbl\"><exec-function name=\"kony.gen.obj.incident_notification_tbl.toLOBFields\"/><exec-function name=\"kony.gen.obj.incident_notification_tbl__metadata.toLOBFields\"/></map><map inputpath=\"journey_tbl\" outputpath=\"journey_tbl\"><exec-function name=\"kony.gen.obj.journey_tbl.toLOBFields\"/><exec-function name=\"kony.gen.obj.journey_tbl__metadata.toLOBFields\"/><map inputpath=\"checkpoints_tbl\" outputpath=\"checkpoints_tbl\"><exec-function name=\"kony.gen.obj.checkpoints_tbl.toLOBFields\"/><exec-function name=\"kony.gen.obj.checkpoints_tbl__metadata.toLOBFields\"/></map><map inputpath=\"incident_notification_tbl\" outputpath=\"incident_notification_tbl\"><exec-function name=\"kony.gen.obj.incident_notification_tbl.toLOBFields\"/><exec-function name=\"kony.gen.obj.incident_notification_tbl__metadata.toLOBFields\"/></map><map inputpath=\"journey_notif_map_tbl\" outputpath=\"journey_notif_map_tbl\"><exec-function name=\"kony.gen.obj.journey_notif_map_tbl.toLOBFields\"/><exec-function name=\"kony.gen.obj.journey_notif_map_tbl__metadata.toLOBFields\"/></map><map inputpath=\"journey_passengers_tbl\" outputpath=\"journey_passengers_tbl\"><exec-function name=\"kony.gen.obj.journey_passengers_tbl.toLOBFields\"/><exec-function name=\"kony.gen.obj.journey_passengers_tbl__metadata.toLOBFields\"/></map><map inputpath=\"journey_signature_tbl\" outputpath=\"journey_signature_tbl\"><exec-function name=\"kony.gen.obj.journey_signature_tbl.toLOBFields\"/><exec-function name=\"kony.gen.obj.journey_signature_tbl__metadata.toLOBFields\"/></map><map inputpath=\"journey_tracepoints_tbl\" outputpath=\"journey_tracepoints_tbl\"><exec-function name=\"kony.gen.obj.journey_tracepoints_tbl.toLOBFields\"/><exec-function name=\"kony.gen.obj.journey_tracepoints_tbl__metadata.toLOBFields\"/></map><map inputpath=\"user_answers_tbl\" outputpath=\"user_answers_tbl\"><exec-function name=\"kony.gen.obj.user_answers_tbl.toLOBFields\"/><exec-function name=\"kony.gen.obj.user_answers_tbl__metadata.toLOBFields\"/></map></map><map inputpath=\"notifications_tbl\" outputpath=\"notifications_tbl\"><exec-function name=\"kony.gen.obj.notifications_tbl.toLOBFields\"/><exec-function name=\"kony.gen.obj.notifications_tbl__metadata.toLOBFields\"/><map inputpath=\"journey_notif_map_tbl\" outputpath=\"journey_notif_map_tbl\"><exec-function name=\"kony.gen.obj.journey_notif_map_tbl.toLOBFields\"/><exec-function name=\"kony.gen.obj.journey_notif_map_tbl__metadata.toLOBFields\"/></map></map><map inputpath=\"vehicle_tbl\" outputpath=\"vehicle_tbl\"><exec-function name=\"kony.gen.obj.vehicle_tbl.toLOBFields\"/><exec-function name=\"kony.gen.obj.vehicle_tbl__metadata.toLOBFields\"/><map inputpath=\"journey_tbl\" outputpath=\"journey_tbl\"><exec-function name=\"kony.gen.obj.journey_tbl.toLOBFields\"/><exec-function name=\"kony.gen.obj.journey_tbl__metadata.toLOBFields\"/><map inputpath=\"checkpoints_tbl\" outputpath=\"checkpoints_tbl\"><exec-function name=\"kony.gen.obj.checkpoints_tbl.toLOBFields\"/><exec-function name=\"kony.gen.obj.checkpoints_tbl__metadata.toLOBFields\"/></map><map inputpath=\"incident_notification_tbl\" outputpath=\"incident_notification_tbl\"><exec-function name=\"kony.gen.obj.incident_notification_tbl.toLOBFields\"/><exec-function name=\"kony.gen.obj.incident_notification_tbl__metadata.toLOBFields\"/></map><map inputpath=\"journey_notif_map_tbl\" outputpath=\"journey_notif_map_tbl\"><exec-function name=\"kony.gen.obj.journey_notif_map_tbl.toLOBFields\"/><exec-function name=\"kony.gen.obj.journey_notif_map_tbl__metadata.toLOBFields\"/></map><map inputpath=\"journey_passengers_tbl\" outputpath=\"journey_passengers_tbl\"><exec-function name=\"kony.gen.obj.journey_passengers_tbl.toLOBFields\"/><exec-function name=\"kony.gen.obj.journey_passengers_tbl__metadata.toLOBFields\"/></map><map inputpath=\"journey_signature_tbl\" outputpath=\"journey_signature_tbl\"><exec-function name=\"kony.gen.obj.journey_signature_tbl.toLOBFields\"/><exec-function name=\"kony.gen.obj.journey_signature_tbl__metadata.toLOBFields\"/></map><map inputpath=\"journey_tracepoints_tbl\" outputpath=\"journey_tracepoints_tbl\"><exec-function name=\"kony.gen.obj.journey_tracepoints_tbl.toLOBFields\"/><exec-function name=\"kony.gen.obj.journey_tracepoints_tbl__metadata.toLOBFields\"/></map><map inputpath=\"user_answers_tbl\" outputpath=\"user_answers_tbl\"><exec-function name=\"kony.gen.obj.user_answers_tbl.toLOBFields\"/><exec-function name=\"kony.gen.obj.user_answers_tbl__metadata.toLOBFields\"/></map></map><map inputpath=\"vehicle_images_tbl\" outputpath=\"vehicle_images_tbl\"><exec-function name=\"kony.gen.obj.vehicle_images_tbl.toLOBFields\"/><exec-function name=\"kony.gen.obj.vehicle_images_tbl__metadata.toLOBFields\"/></map></map></map></map></mapper>",
    "oMapping" : "<?xml version=\"1.0\" encoding=\"UTF-8\" standalone=\"yes\"?><mapper xmlns=\"http://www.kony.com/ns/mapper\"><map inputpath=\"response_in\" outputpath=\"response_out\"><map inputpath=\"ad_group_master_tbl\" outputpath=\"ad_group_master_tbl\"><exec-function name=\"kony.gen.obj.ad_group_master_tbl.fromLOBFields\"/><map inputpath=\"user_tbl\" outputpath=\"user_tbl\"><exec-function name=\"kony.gen.obj.user_tbl.fromLOBFields\"/><map inputpath=\"checkpoints_tbl\" outputpath=\"checkpoints_tbl\"><exec-function name=\"kony.gen.obj.checkpoints_tbl.fromLOBFields\"/></map><map inputpath=\"incident_notification_tbl\" outputpath=\"incident_notification_tbl\"><exec-function name=\"kony.gen.obj.incident_notification_tbl.fromLOBFields\"/></map><map inputpath=\"journey_tbl\" outputpath=\"journey_tbl\"><exec-function name=\"kony.gen.obj.journey_tbl.fromLOBFields\"/><map inputpath=\"checkpoints_tbl\" outputpath=\"checkpoints_tbl\"><exec-function name=\"kony.gen.obj.checkpoints_tbl.fromLOBFields\"/></map><map inputpath=\"incident_notification_tbl\" outputpath=\"incident_notification_tbl\"><exec-function name=\"kony.gen.obj.incident_notification_tbl.fromLOBFields\"/></map><map inputpath=\"journey_notif_map_tbl\" outputpath=\"journey_notif_map_tbl\"><exec-function name=\"kony.gen.obj.journey_notif_map_tbl.fromLOBFields\"/></map><map inputpath=\"journey_passengers_tbl\" outputpath=\"journey_passengers_tbl\"><exec-function name=\"kony.gen.obj.journey_passengers_tbl.fromLOBFields\"/></map><map inputpath=\"journey_signature_tbl\" outputpath=\"journey_signature_tbl\"><exec-function name=\"kony.gen.obj.journey_signature_tbl.fromLOBFields\"/></map><map inputpath=\"journey_tracepoints_tbl\" outputpath=\"journey_tracepoints_tbl\"><exec-function name=\"kony.gen.obj.journey_tracepoints_tbl.fromLOBFields\"/></map><map inputpath=\"user_answers_tbl\" outputpath=\"user_answers_tbl\"><exec-function name=\"kony.gen.obj.user_answers_tbl.fromLOBFields\"/></map></map><map inputpath=\"notifications_tbl\" outputpath=\"notifications_tbl\"><exec-function name=\"kony.gen.obj.notifications_tbl.fromLOBFields\"/><map inputpath=\"journey_notif_map_tbl\" outputpath=\"journey_notif_map_tbl\"><exec-function name=\"kony.gen.obj.journey_notif_map_tbl.fromLOBFields\"/></map></map><map inputpath=\"vehicle_tbl\" outputpath=\"vehicle_tbl\"><exec-function name=\"kony.gen.obj.vehicle_tbl.fromLOBFields\"/><map inputpath=\"journey_tbl\" outputpath=\"journey_tbl\"><exec-function name=\"kony.gen.obj.journey_tbl.fromLOBFields\"/><map inputpath=\"checkpoints_tbl\" outputpath=\"checkpoints_tbl\"><exec-function name=\"kony.gen.obj.checkpoints_tbl.fromLOBFields\"/></map><map inputpath=\"incident_notification_tbl\" outputpath=\"incident_notification_tbl\"><exec-function name=\"kony.gen.obj.incident_notification_tbl.fromLOBFields\"/></map><map inputpath=\"journey_notif_map_tbl\" outputpath=\"journey_notif_map_tbl\"><exec-function name=\"kony.gen.obj.journey_notif_map_tbl.fromLOBFields\"/></map><map inputpath=\"journey_passengers_tbl\" outputpath=\"journey_passengers_tbl\"><exec-function name=\"kony.gen.obj.journey_passengers_tbl.fromLOBFields\"/></map><map inputpath=\"journey_signature_tbl\" outputpath=\"journey_signature_tbl\"><exec-function name=\"kony.gen.obj.journey_signature_tbl.fromLOBFields\"/></map><map inputpath=\"journey_tracepoints_tbl\" outputpath=\"journey_tracepoints_tbl\"><exec-function name=\"kony.gen.obj.journey_tracepoints_tbl.fromLOBFields\"/></map><map inputpath=\"user_answers_tbl\" outputpath=\"user_answers_tbl\"><exec-function name=\"kony.gen.obj.user_answers_tbl.fromLOBFields\"/></map></map><map inputpath=\"vehicle_images_tbl\" outputpath=\"vehicle_images_tbl\"><exec-function name=\"kony.gen.obj.vehicle_images_tbl.fromLOBFields\"/></map></map></map></map></map></mapper>",
    "applyCommonMapping" : true,
    "applyRequestCommonMapping" : true,
    "applyResponseCommonMapping" : true,
    "entityMetadata" : "{\"entityAttributeTypeList\":[{\"name\":\"group_id_pk\",\"jdbcType\":4,\"columnTypeName\":\"INT\",\"columnDecimalDigits\":0,\"autoGenerated\":true,\"creatable\":false,\"updatable\":false,\"primary\":true,\"softDelete\":false,\"lastModified\":false},{\"name\":\"group_name\",\"jdbcType\":12,\"columnTypeName\":\"VARCHAR\",\"columnDecimalDigits\":0,\"autoGenerated\":false,\"creatable\":true,\"updatable\":true,\"primary\":false,\"softDelete\":false,\"lastModified\":false},{\"name\":\"admin_flag\",\"jdbcType\":-6,\"columnTypeName\":\"TINYINT\",\"columnDecimalDigits\":0,\"autoGenerated\":false,\"creatable\":true,\"updatable\":true,\"primary\":false,\"softDelete\":false,\"lastModified\":false},{\"name\":\"createddatetime\",\"jdbcType\":93,\"columnTypeName\":\"TIMESTAMP\",\"columnDecimalDigits\":0,\"autoGenerated\":false,\"creatable\":true,\"updatable\":true,\"primary\":false,\"softDelete\":false,\"lastModified\":false},{\"name\":\"lastupdateddatetime\",\"jdbcType\":93,\"columnTypeName\":\"TIMESTAMP\",\"columnDecimalDigits\":0,\"autoGenerated\":false,\"creatable\":true,\"updatable\":true,\"primary\":false,\"softDelete\":false,\"lastModified\":false},{\"name\":\"softdeleteflag\",\"jdbcType\":-7,\"columnTypeName\":\"BIT\",\"columnDecimalDigits\":0,\"autoGenerated\":false,\"creatable\":true,\"updatable\":true,\"primary\":false,\"softDelete\":true,\"lastModified\":false},{\"name\":\"createdby\",\"jdbcType\":12,\"columnTypeName\":\"VARCHAR\",\"columnDecimalDigits\":0,\"autoGenerated\":false,\"creatable\":true,\"updatable\":true,\"primary\":false,\"softDelete\":false,\"lastModified\":false},{\"name\":\"lastupdatedby\",\"jdbcType\":12,\"columnTypeName\":\"VARCHAR\",\"columnDecimalDigits\":0,\"autoGenerated\":false,\"creatable\":true,\"updatable\":true,\"primary\":false,\"softDelete\":false,\"lastModified\":false}],\"relationshipTypeList\":[{\"targetEntityType\":{\"name\":\"user_tbl\",\"schemaName\":\"test_rnd\"},\"relationshipAttributeTypeList\":[{\"sourceEntityAttributeType\":{\"name\":\"group_id_pk\",\"jdbcType\":0,\"columnDecimalDigits\":0,\"autoGenerated\":false,\"creatable\":false,\"updatable\":false,\"primary\":false,\"softDelete\":false,\"lastModified\":false},\"targetEntityAttributeType\":{\"name\":\"group_id_fk\",\"jdbcType\":0,\"columnDecimalDigits\":0,\"autoGenerated\":false,\"creatable\":false,\"updatable\":false,\"primary\":false,\"softDelete\":false,\"lastModified\":false}}],\"cascadeDelete\":false,\"relationshipType\":\"ONE_TO_MANY\"}],\"name\":\"ad_group_master_tbl\",\"schemaName\":\"test_rnd\",\"entityType\":\"com.kony.rdbms.metadata.model.AnnotatedTable\"}",
    "opcode" : "update",
    "backendMeta" : {
      "qualifiedObjectName" : "test_rnd.ad_group_master_tbl",
      "backendObjectName" : "ad_group_master_tbl"
    },
    "relationshipHierarchyMapping" : {
      "children" : [ {
        "actionsAllSelected" : true,
        "children" : [ {
          "actionsAllSelected" : true,
          "children" : [ ],
          "name" : "checkpoints_tbl",
          "actions" : {
            "create" : true,
            "update" : true,
            "delete" : true
          },
          "actionsPartiallySelected" : false,
          "selected" : true
        }, {
          "actionsAllSelected" : true,
          "children" : [ ],
          "name" : "incident_notification_tbl",
          "actions" : {
            "create" : true,
            "update" : true,
            "delete" : true
          },
          "actionsPartiallySelected" : false,
          "selected" : true
        }, {
          "actionsAllSelected" : true,
          "children" : [ {
            "actionsAllSelected" : true,
            "children" : [ ],
            "name" : "checkpoints_tbl",
            "actions" : {
              "create" : true,
              "update" : true,
              "delete" : true
            },
            "actionsPartiallySelected" : false,
            "selected" : true
          }, {
            "actionsAllSelected" : true,
            "children" : [ ],
            "name" : "incident_notification_tbl",
            "actions" : {
              "create" : true,
              "update" : true,
              "delete" : true
            },
            "actionsPartiallySelected" : false,
            "selected" : true
          }, {
            "actionsAllSelected" : true,
            "children" : [ ],
            "name" : "journey_notif_map_tbl",
            "actions" : {
              "create" : true,
              "update" : true,
              "delete" : true
            },
            "actionsPartiallySelected" : false,
            "selected" : true
          }, {
            "actionsAllSelected" : true,
            "children" : [ ],
            "name" : "journey_passengers_tbl",
            "actions" : {
              "create" : true,
              "update" : true,
              "delete" : true
            },
            "actionsPartiallySelected" : false,
            "selected" : true
          }, {
            "actionsAllSelected" : true,
            "children" : [ ],
            "name" : "journey_signature_tbl",
            "actions" : {
              "create" : true,
              "update" : true,
              "delete" : true
            },
            "actionsPartiallySelected" : false,
            "selected" : true
          }, {
            "actionsAllSelected" : true,
            "children" : [ ],
            "name" : "journey_tracepoints_tbl",
            "actions" : {
              "create" : true,
              "update" : true,
              "delete" : true
            },
            "actionsPartiallySelected" : false,
            "selected" : true
          }, {
            "actionsAllSelected" : true,
            "children" : [ ],
            "name" : "user_answers_tbl",
            "actions" : {
              "create" : true,
              "update" : true,
              "delete" : true
            },
            "actionsPartiallySelected" : false,
            "selected" : true
          } ],
          "name" : "journey_tbl",
          "actions" : {
            "create" : true,
            "update" : true,
            "delete" : true
          },
          "actionsPartiallySelected" : false,
          "selected" : true
        }, {
          "actionsAllSelected" : true,
          "children" : [ {
            "actionsAllSelected" : true,
            "children" : [ ],
            "name" : "journey_notif_map_tbl",
            "actions" : {
              "create" : true,
              "update" : true,
              "delete" : true
            },
            "actionsPartiallySelected" : false,
            "selected" : true
          } ],
          "name" : "notifications_tbl",
          "actions" : {
            "create" : true,
            "update" : true,
            "delete" : true
          },
          "actionsPartiallySelected" : false,
          "selected" : true
        }, {
          "actionsAllSelected" : true,
          "children" : [ {
            "actionsAllSelected" : true,
            "children" : [ {
              "actionsAllSelected" : true,
              "children" : [ ],
              "name" : "checkpoints_tbl",
              "actions" : {
                "create" : true,
                "update" : true,
                "delete" : true
              },
              "actionsPartiallySelected" : false,
              "selected" : true
            }, {
              "actionsAllSelected" : true,
              "children" : [ ],
              "name" : "incident_notification_tbl",
              "actions" : {
                "create" : true,
                "update" : true,
                "delete" : true
              },
              "actionsPartiallySelected" : false,
              "selected" : true
            }, {
              "actionsAllSelected" : true,
              "children" : [ ],
              "name" : "journey_notif_map_tbl",
              "actions" : {
                "create" : true,
                "update" : true,
                "delete" : true
              },
              "actionsPartiallySelected" : false,
              "selected" : true
            }, {
              "actionsAllSelected" : true,
              "children" : [ ],
              "name" : "journey_passengers_tbl",
              "actions" : {
                "create" : true,
                "update" : true,
                "delete" : true
              },
              "actionsPartiallySelected" : false,
              "selected" : true
            }, {
              "actionsAllSelected" : true,
              "children" : [ ],
              "name" : "journey_signature_tbl",
              "actions" : {
                "create" : true,
                "update" : true,
                "delete" : true
              },
              "actionsPartiallySelected" : false,
              "selected" : true
            }, {
              "actionsAllSelected" : true,
              "children" : [ ],
              "name" : "journey_tracepoints_tbl",
              "actions" : {
                "create" : true,
                "update" : true,
                "delete" : true
              },
              "actionsPartiallySelected" : false,
              "selected" : true
            }, {
              "actionsAllSelected" : true,
              "children" : [ ],
              "name" : "user_answers_tbl",
              "actions" : {
                "create" : true,
                "update" : true,
                "delete" : true
              },
              "actionsPartiallySelected" : false,
              "selected" : true
            } ],
            "name" : "journey_tbl",
            "actions" : {
              "create" : true,
              "update" : true,
              "delete" : true
            },
            "actionsPartiallySelected" : false,
            "selected" : true
          }, {
            "actionsAllSelected" : true,
            "children" : [ ],
            "name" : "vehicle_images_tbl",
            "actions" : {
              "create" : true,
              "update" : true,
              "delete" : true
            },
            "actionsPartiallySelected" : false,
            "selected" : true
          } ],
          "name" : "vehicle_tbl",
          "actions" : {
            "create" : true,
            "update" : true,
            "delete" : true
          },
          "actionsPartiallySelected" : false,
          "selected" : true
        } ],
        "name" : "user_tbl",
        "actions" : {
          "create" : true,
          "update" : true,
          "delete" : true
        },
        "actionsPartiallySelected" : false,
        "selected" : true
      } ],
      "name" : "ad_group_master_tbl",
      "actions" : {
        "create" : true,
        "update" : true,
        "delete" : true
      },
      "selected" : true
    },
    "requestXmlMappingOverride" : false,
    "responseXmlMappingOverride" : false
  }
}