[ {
  "entityTypeId" : "5d0fa7ad-4ccd-4356-bd01-1fa16a24eca7",
  "id" : "1617d712-89e9-4bfc-838f-9d481008c3bf",
  "name" : "checkin_interval_row_id_fk",
  "sourceFieldname" : "checkin_interval_row_id_fk",
  "description" : "checkin_interval_row_id_fk",
  "dataType" : "number",
  "hasIndex" : false,
  "unique" : false,
  "primarykey" : false,
  "namefield" : false,
  "nullable" : true,
  "custom" : false,
  "createable" : true,
  "updateable" : true,
  "audit" : false,
  "customizable" : false,
  "fieldLength" : 10,
  "precision" : 0,
  "fieldOrder" : 0,
  "fieldProperties" : {
    "autoGenerated" : "false"
  }
}, {
  "entityTypeId" : "5d0fa7ad-4ccd-4356-bd01-1fa16a24eca7",
  "id" : "a0ca6357-1845-4167-8d63-89c454652771",
  "name" : "checkin_type_id_fk",
  "sourceFieldname" : "checkin_type_id_fk",
  "description" : "checkin_type_id_fk",
  "dataType" : "number",
  "hasIndex" : false,
  "unique" : false,
  "primarykey" : false,
  "namefield" : false,
  "nullable" : true,
  "custom" : false,
  "createable" : true,
  "updateable" : true,
  "audit" : false,
  "customizable" : false,
  "fieldLength" : 10,
  "precision" : 0,
  "fieldOrder" : 0,
  "fieldProperties" : {
    "autoGenerated" : "false"
  }
}, {
  "entityTypeId" : "5d0fa7ad-4ccd-4356-bd01-1fa16a24eca7",
  "id" : "a0073a2c-b017-4e30-9487-ad8d7f6c6766",
  "name" : "createddatetime",
  "sourceFieldname" : "createddatetime",
  "description" : "createddatetime",
  "dataType" : "date",
  "hasIndex" : false,
  "unique" : false,
  "primarykey" : false,
  "namefield" : false,
  "nullable" : true,
  "custom" : false,
  "createable" : true,
  "updateable" : true,
  "audit" : false,
  "customizable" : false,
  "fieldLength" : 19,
  "precision" : 0,
  "fieldOrder" : 0,
  "fieldProperties" : {
    "autoGenerated" : "false"
  }
}, {
  "entityTypeId" : "5d0fa7ad-4ccd-4356-bd01-1fa16a24eca7",
  "id" : "92452cfd-2da4-42e6-aa16-0f93ca110e5b",
  "name" : "journey_actual_arrival_datetime",
  "sourceFieldname" : "journey_actual_arrival_datetime",
  "description" : "journey_actual_arrival_datetime",
  "dataType" : "date",
  "hasIndex" : false,
  "unique" : false,
  "primarykey" : false,
  "namefield" : false,
  "nullable" : true,
  "custom" : false,
  "createable" : true,
  "updateable" : true,
  "audit" : false,
  "customizable" : false,
  "fieldLength" : 19,
  "precision" : 0,
  "fieldOrder" : 0,
  "fieldProperties" : {
    "autoGenerated" : "false"
  }
}, {
  "entityTypeId" : "5d0fa7ad-4ccd-4356-bd01-1fa16a24eca7",
  "id" : "b05b1e8b-d8d5-4f70-90fb-154bdf2910e9",
  "name" : "journey_actual_arrivalpoint_address",
  "sourceFieldname" : "journey_actual_arrivalpoint_address",
  "description" : "journey_actual_arrivalpoint_address",
  "dataType" : "string",
  "hasIndex" : false,
  "unique" : false,
  "primarykey" : false,
  "namefield" : false,
  "nullable" : true,
  "custom" : false,
  "createable" : true,
  "updateable" : true,
  "audit" : false,
  "customizable" : false,
  "fieldLength" : 200,
  "precision" : 0,
  "fieldOrder" : 0,
  "fieldProperties" : {
    "autoGenerated" : "false"
  }
}, {
  "entityTypeId" : "5d0fa7ad-4ccd-4356-bd01-1fa16a24eca7",
  "id" : "79997dad-8230-4634-afc0-febb11050e96",
  "name" : "journey_actual_arrivalpoint_lat",
  "sourceFieldname" : "journey_actual_arrivalpoint_lat",
  "description" : "journey_actual_arrivalpoint_lat",
  "dataType" : "string",
  "hasIndex" : false,
  "unique" : false,
  "primarykey" : false,
  "namefield" : false,
  "nullable" : true,
  "custom" : false,
  "createable" : true,
  "updateable" : true,
  "audit" : false,
  "customizable" : false,
  "fieldLength" : 45,
  "precision" : 0,
  "fieldOrder" : 0,
  "fieldProperties" : {
    "autoGenerated" : "false"
  }
}, {
  "entityTypeId" : "5d0fa7ad-4ccd-4356-bd01-1fa16a24eca7",
  "id" : "7354e78d-f2c4-4958-aa76-4ee10d09b296",
  "name" : "journey_actual_arrivalpoint_lon",
  "sourceFieldname" : "journey_actual_arrivalpoint_lon",
  "description" : "journey_actual_arrivalpoint_lon",
  "dataType" : "string",
  "hasIndex" : false,
  "unique" : false,
  "primarykey" : false,
  "namefield" : false,
  "nullable" : true,
  "custom" : false,
  "createable" : true,
  "updateable" : true,
  "audit" : false,
  "customizable" : false,
  "fieldLength" : 45,
  "precision" : 0,
  "fieldOrder" : 0,
  "fieldProperties" : {
    "autoGenerated" : "false"
  }
}, {
  "entityTypeId" : "5d0fa7ad-4ccd-4356-bd01-1fa16a24eca7",
  "id" : "1c4181ac-2364-4e77-a93f-3a1e9d259c45",
  "name" : "journey_actual_departure_address",
  "sourceFieldname" : "journey_actual_departure_address",
  "description" : "journey_actual_departure_address",
  "dataType" : "string",
  "hasIndex" : false,
  "unique" : false,
  "primarykey" : false,
  "namefield" : false,
  "nullable" : true,
  "custom" : false,
  "createable" : true,
  "updateable" : true,
  "audit" : false,
  "customizable" : false,
  "fieldLength" : 200,
  "precision" : 0,
  "fieldOrder" : 0,
  "fieldProperties" : {
    "autoGenerated" : "false"
  }
}, {
  "entityTypeId" : "5d0fa7ad-4ccd-4356-bd01-1fa16a24eca7",
  "id" : "d8297a25-4c6b-4aab-a671-3a265f69bc7c",
  "name" : "journey_actual_departure_datetime",
  "sourceFieldname" : "journey_actual_departure_datetime",
  "description" : "journey_actual_departure_datetime",
  "dataType" : "date",
  "hasIndex" : false,
  "unique" : false,
  "primarykey" : false,
  "namefield" : false,
  "nullable" : true,
  "custom" : false,
  "createable" : true,
  "updateable" : true,
  "audit" : false,
  "customizable" : false,
  "fieldLength" : 19,
  "precision" : 0,
  "fieldOrder" : 0,
  "fieldProperties" : {
    "autoGenerated" : "false"
  }
}, {
  "entityTypeId" : "5d0fa7ad-4ccd-4356-bd01-1fa16a24eca7",
  "id" : "81b64830-d5cc-4e70-a47b-b47712fcb59a",
  "name" : "journey_actual_departure_lat",
  "sourceFieldname" : "journey_actual_departure_lat",
  "description" : "journey_actual_departure_lat",
  "dataType" : "string",
  "hasIndex" : false,
  "unique" : false,
  "primarykey" : false,
  "namefield" : false,
  "nullable" : true,
  "custom" : false,
  "createable" : true,
  "updateable" : true,
  "audit" : false,
  "customizable" : false,
  "fieldLength" : 45,
  "precision" : 0,
  "fieldOrder" : 0,
  "fieldProperties" : {
    "autoGenerated" : "false"
  }
}, {
  "entityTypeId" : "5d0fa7ad-4ccd-4356-bd01-1fa16a24eca7",
  "id" : "9e9726ae-d935-4f59-87d8-8347987f0fab",
  "name" : "journey_actual_departure_lon",
  "sourceFieldname" : "journey_actual_departure_lon",
  "description" : "journey_actual_departure_lon",
  "dataType" : "string",
  "hasIndex" : false,
  "unique" : false,
  "primarykey" : false,
  "namefield" : false,
  "nullable" : true,
  "custom" : false,
  "createable" : true,
  "updateable" : true,
  "audit" : false,
  "customizable" : false,
  "fieldLength" : 45,
  "precision" : 0,
  "fieldOrder" : 0,
  "fieldProperties" : {
    "autoGenerated" : "false"
  }
}, {
  "entityTypeId" : "5d0fa7ad-4ccd-4356-bd01-1fa16a24eca7",
  "id" : "f4d20a8f-eba6-4322-b21d-15cbdfeb0172",
  "name" : "journey_created_by_fk",
  "sourceFieldname" : "journey_created_by_fk",
  "description" : "journey_created_by_fk",
  "dataType" : "string",
  "hasIndex" : false,
  "unique" : false,
  "primarykey" : false,
  "namefield" : false,
  "nullable" : true,
  "custom" : false,
  "createable" : true,
  "updateable" : true,
  "audit" : false,
  "customizable" : false,
  "fieldLength" : 10,
  "precision" : 0,
  "fieldOrder" : 0,
  "fieldProperties" : {
    "autoGenerated" : "false"
  }
}, {
  "entityTypeId" : "5d0fa7ad-4ccd-4356-bd01-1fa16a24eca7",
  "id" : "03f9bec1-1aa7-452e-98a1-e3a09cfa3ecb",
  "name" : "journey_emp_phone_num",
  "sourceFieldname" : "journey_emp_phone_num",
  "description" : "journey_emp_phone_num",
  "dataType" : "string",
  "hasIndex" : false,
  "unique" : false,
  "primarykey" : false,
  "namefield" : false,
  "nullable" : true,
  "custom" : false,
  "createable" : true,
  "updateable" : true,
  "audit" : false,
  "customizable" : false,
  "fieldLength" : 20,
  "precision" : 0,
  "fieldOrder" : 0,
  "fieldProperties" : {
    "autoGenerated" : "false"
  }
}, {
  "entityTypeId" : "5d0fa7ad-4ccd-4356-bd01-1fa16a24eca7",
  "id" : "001a41b1-0d17-4565-a04e-bcb13597cd63",
  "name" : "journey_expected_arrival_datetime",
  "sourceFieldname" : "journey_expected_arrival_datetime",
  "description" : "journey_expected_arrival_datetime",
  "dataType" : "date",
  "hasIndex" : false,
  "unique" : false,
  "primarykey" : false,
  "namefield" : false,
  "nullable" : true,
  "custom" : false,
  "createable" : true,
  "updateable" : true,
  "audit" : false,
  "customizable" : false,
  "fieldLength" : 19,
  "precision" : 0,
  "fieldOrder" : 0,
  "fieldProperties" : {
    "autoGenerated" : "false"
  }
}, {
  "entityTypeId" : "5d0fa7ad-4ccd-4356-bd01-1fa16a24eca7",
  "id" : "9467f058-8648-4b34-9822-8025d7bca9ef",
  "name" : "journey_expected_arrivalpoint_address",
  "sourceFieldname" : "journey_expected_arrivalpoint_address",
  "description" : "journey_expected_arrivalpoint_address",
  "dataType" : "string",
  "hasIndex" : false,
  "unique" : false,
  "primarykey" : false,
  "namefield" : false,
  "nullable" : true,
  "custom" : false,
  "createable" : true,
  "updateable" : true,
  "audit" : false,
  "customizable" : false,
  "fieldLength" : 200,
  "precision" : 0,
  "fieldOrder" : 0,
  "fieldProperties" : {
    "autoGenerated" : "false"
  }
}, {
  "entityTypeId" : "5d0fa7ad-4ccd-4356-bd01-1fa16a24eca7",
  "id" : "be9112ec-ea94-467f-a468-e45fd2b4f59d",
  "name" : "journey_expected_arrivalpoint_lat",
  "sourceFieldname" : "journey_expected_arrivalpoint_lat",
  "description" : "journey_expected_arrivalpoint_lat",
  "dataType" : "string",
  "hasIndex" : false,
  "unique" : false,
  "primarykey" : false,
  "namefield" : false,
  "nullable" : true,
  "custom" : false,
  "createable" : true,
  "updateable" : true,
  "audit" : false,
  "customizable" : false,
  "fieldLength" : 45,
  "precision" : 0,
  "fieldOrder" : 0,
  "fieldProperties" : {
    "autoGenerated" : "false"
  }
}, {
  "entityTypeId" : "5d0fa7ad-4ccd-4356-bd01-1fa16a24eca7",
  "id" : "771f212e-077e-480e-bc6e-d9bc830bd42f",
  "name" : "journey_expected_arrivalpoint_lon",
  "sourceFieldname" : "journey_expected_arrivalpoint_lon",
  "description" : "journey_expected_arrivalpoint_lon",
  "dataType" : "string",
  "hasIndex" : false,
  "unique" : false,
  "primarykey" : false,
  "namefield" : false,
  "nullable" : true,
  "custom" : false,
  "createable" : true,
  "updateable" : true,
  "audit" : false,
  "customizable" : false,
  "fieldLength" : 45,
  "precision" : 0,
  "fieldOrder" : 0,
  "fieldProperties" : {
    "autoGenerated" : "false"
  }
}, {
  "entityTypeId" : "5d0fa7ad-4ccd-4356-bd01-1fa16a24eca7",
  "id" : "bc825e7a-31b3-4fd6-aad0-ba71761ce188",
  "name" : "journey_expected_departure_address",
  "sourceFieldname" : "journey_expected_departure_address",
  "description" : "journey_expected_departure_address",
  "dataType" : "string",
  "hasIndex" : false,
  "unique" : false,
  "primarykey" : false,
  "namefield" : false,
  "nullable" : true,
  "custom" : false,
  "createable" : true,
  "updateable" : true,
  "audit" : false,
  "customizable" : false,
  "fieldLength" : 200,
  "precision" : 0,
  "fieldOrder" : 0,
  "fieldProperties" : {
    "autoGenerated" : "false"
  }
}, {
  "entityTypeId" : "5d0fa7ad-4ccd-4356-bd01-1fa16a24eca7",
  "id" : "ff1fdfbf-c7eb-4c77-8f02-9f51ce5e53fd",
  "name" : "journey_expected_departure_datetime",
  "sourceFieldname" : "journey_expected_departure_datetime",
  "description" : "journey_expected_departure_datetime",
  "dataType" : "date",
  "hasIndex" : false,
  "unique" : false,
  "primarykey" : false,
  "namefield" : false,
  "nullable" : true,
  "custom" : false,
  "createable" : true,
  "updateable" : true,
  "audit" : false,
  "customizable" : false,
  "fieldLength" : 19,
  "precision" : 0,
  "fieldOrder" : 0,
  "fieldProperties" : {
    "autoGenerated" : "false"
  }
}, {
  "entityTypeId" : "5d0fa7ad-4ccd-4356-bd01-1fa16a24eca7",
  "id" : "87a0740b-9dd0-4e0b-8526-c5811619a61c",
  "name" : "journey_expected_departure_lat",
  "sourceFieldname" : "journey_expected_departure_lat",
  "description" : "journey_expected_departure_lat",
  "dataType" : "string",
  "hasIndex" : false,
  "unique" : false,
  "primarykey" : false,
  "namefield" : false,
  "nullable" : true,
  "custom" : false,
  "createable" : true,
  "updateable" : true,
  "audit" : false,
  "customizable" : false,
  "fieldLength" : 45,
  "precision" : 0,
  "fieldOrder" : 0,
  "fieldProperties" : {
    "autoGenerated" : "false"
  }
}, {
  "entityTypeId" : "5d0fa7ad-4ccd-4356-bd01-1fa16a24eca7",
  "id" : "37406fe7-1d98-40b0-9f5f-400fa7151e80",
  "name" : "journey_expected_departure_lon",
  "sourceFieldname" : "journey_expected_departure_lon",
  "description" : "journey_expected_departure_lon",
  "dataType" : "string",
  "hasIndex" : false,
  "unique" : false,
  "primarykey" : false,
  "namefield" : false,
  "nullable" : true,
  "custom" : false,
  "createable" : true,
  "updateable" : true,
  "audit" : false,
  "customizable" : false,
  "fieldLength" : 45,
  "precision" : 0,
  "fieldOrder" : 0,
  "fieldProperties" : {
    "autoGenerated" : "false"
  }
}, {
  "entityTypeId" : "5d0fa7ad-4ccd-4356-bd01-1fa16a24eca7",
  "id" : "c8927ebd-22c8-4ba8-8045-a6439b4644c4",
  "name" : "journey_id_pk",
  "sourceFieldname" : "journey_id_pk",
  "description" : "journey_id_pk",
  "dataType" : "number",
  "hasIndex" : false,
  "unique" : false,
  "primarykey" : true,
  "namefield" : false,
  "nullable" : false,
  "custom" : false,
  "createable" : false,
  "updateable" : false,
  "audit" : false,
  "customizable" : false,
  "fieldLength" : 10,
  "precision" : 0,
  "fieldOrder" : 0,
  "fieldProperties" : {
    "autoGenerated" : "true"
  }
}, {
  "entityTypeId" : "5d0fa7ad-4ccd-4356-bd01-1fa16a24eca7",
  "id" : "72263281-0d40-4fe7-8dc1-88b9820ae871",
  "name" : "journey_last_updated_by",
  "sourceFieldname" : "journey_last_updated_by",
  "description" : "journey_last_updated_by",
  "dataType" : "string",
  "hasIndex" : false,
  "unique" : false,
  "primarykey" : false,
  "namefield" : false,
  "nullable" : true,
  "custom" : false,
  "createable" : true,
  "updateable" : true,
  "audit" : false,
  "customizable" : false,
  "fieldLength" : 10,
  "precision" : 0,
  "fieldOrder" : 0,
  "fieldProperties" : {
    "autoGenerated" : "false"
  }
}, {
  "entityTypeId" : "5d0fa7ad-4ccd-4356-bd01-1fa16a24eca7",
  "id" : "6da69b03-b361-44b9-a096-ac958cff7c31",
  "name" : "journey_onward_journey_id",
  "sourceFieldname" : "journey_onward_journey_id",
  "description" : "journey_onward_journey_id",
  "dataType" : "string",
  "hasIndex" : false,
  "unique" : false,
  "primarykey" : false,
  "namefield" : false,
  "nullable" : true,
  "custom" : false,
  "createable" : true,
  "updateable" : true,
  "audit" : false,
  "customizable" : false,
  "fieldLength" : 10,
  "precision" : 0,
  "fieldOrder" : 0,
  "fieldProperties" : {
    "autoGenerated" : "false"
  }
}, {
  "entityTypeId" : "5d0fa7ad-4ccd-4356-bd01-1fa16a24eca7",
  "id" : "aeb2d884-b53d-4120-af88-7fa9852ea45f",
  "name" : "journey_radio",
  "sourceFieldname" : "journey_radio",
  "description" : "journey_radio",
  "dataType" : "string",
  "hasIndex" : false,
  "unique" : false,
  "primarykey" : false,
  "namefield" : false,
  "nullable" : true,
  "custom" : false,
  "createable" : true,
  "updateable" : true,
  "audit" : false,
  "customizable" : false,
  "fieldLength" : 30,
  "precision" : 0,
  "fieldOrder" : 0,
  "fieldProperties" : {
    "autoGenerated" : "false"
  }
}, {
  "entityTypeId" : "5d0fa7ad-4ccd-4356-bd01-1fa16a24eca7",
  "id" : "6d087e41-5675-4960-92c6-ecd5a3b8122a",
  "name" : "journey_reason_id_fk",
  "sourceFieldname" : "journey_reason_id_fk",
  "description" : "journey_reason_id_fk",
  "dataType" : "number",
  "hasIndex" : false,
  "unique" : false,
  "primarykey" : false,
  "namefield" : false,
  "nullable" : true,
  "custom" : false,
  "createable" : true,
  "updateable" : true,
  "audit" : false,
  "customizable" : false,
  "fieldLength" : 10,
  "precision" : 0,
  "fieldOrder" : 0,
  "fieldProperties" : {
    "autoGenerated" : "false"
  }
}, {
  "entityTypeId" : "5d0fa7ad-4ccd-4356-bd01-1fa16a24eca7",
  "id" : "83712748-a421-4790-8485-f207973f7116",
  "name" : "journey_satellite",
  "sourceFieldname" : "journey_satellite",
  "description" : "journey_satellite",
  "dataType" : "string",
  "hasIndex" : false,
  "unique" : false,
  "primarykey" : false,
  "namefield" : false,
  "nullable" : true,
  "custom" : false,
  "createable" : true,
  "updateable" : true,
  "audit" : false,
  "customizable" : false,
  "fieldLength" : 30,
  "precision" : 0,
  "fieldOrder" : 0,
  "fieldProperties" : {
    "autoGenerated" : "false"
  }
}, {
  "entityTypeId" : "5d0fa7ad-4ccd-4356-bd01-1fa16a24eca7",
  "id" : "46d04032-57f6-4478-a3b5-d5ca59ab490d",
  "name" : "journey_selected_vehicle_id_fk",
  "sourceFieldname" : "journey_selected_vehicle_id_fk",
  "description" : "journey_selected_vehicle_id_fk",
  "dataType" : "number",
  "hasIndex" : false,
  "unique" : false,
  "primarykey" : false,
  "namefield" : false,
  "nullable" : true,
  "custom" : false,
  "createable" : true,
  "updateable" : true,
  "audit" : false,
  "customizable" : false,
  "fieldLength" : 10,
  "precision" : 0,
  "fieldOrder" : 0,
  "fieldProperties" : {
    "autoGenerated" : "false"
  }
}, {
  "entityTypeId" : "5d0fa7ad-4ccd-4356-bd01-1fa16a24eca7",
  "id" : "5277a263-99ad-42aa-a8c7-7ba5fe1923b4",
  "name" : "journey_supervisor_camp_room_num",
  "sourceFieldname" : "journey_supervisor_camp_room_num",
  "description" : "journey_supervisor_camp_room_num",
  "dataType" : "string",
  "hasIndex" : false,
  "unique" : false,
  "primarykey" : false,
  "namefield" : false,
  "nullable" : true,
  "custom" : false,
  "createable" : true,
  "updateable" : true,
  "audit" : false,
  "customizable" : false,
  "fieldLength" : 10,
  "precision" : 0,
  "fieldOrder" : 0,
  "fieldProperties" : {
    "autoGenerated" : "false"
  }
}, {
  "entityTypeId" : "5d0fa7ad-4ccd-4356-bd01-1fa16a24eca7",
  "id" : "13aeab31-f973-4203-bb44-874ffd414c60",
  "name" : "journey_supervisor_emp_id",
  "sourceFieldname" : "journey_supervisor_emp_id",
  "description" : "journey_supervisor_emp_id",
  "dataType" : "string",
  "hasIndex" : false,
  "unique" : false,
  "primarykey" : false,
  "namefield" : false,
  "nullable" : true,
  "custom" : false,
  "createable" : true,
  "updateable" : true,
  "audit" : false,
  "customizable" : false,
  "fieldLength" : 10,
  "precision" : 0,
  "fieldOrder" : 0,
  "fieldProperties" : {
    "autoGenerated" : "false"
  }
}, {
  "entityTypeId" : "5d0fa7ad-4ccd-4356-bd01-1fa16a24eca7",
  "id" : "73fefa0d-639a-4ecd-9133-937da99dd859",
  "name" : "journey_supervisor_name",
  "sourceFieldname" : "journey_supervisor_name",
  "description" : "journey_supervisor_name",
  "dataType" : "string",
  "hasIndex" : false,
  "unique" : false,
  "primarykey" : false,
  "namefield" : false,
  "nullable" : true,
  "custom" : false,
  "createable" : true,
  "updateable" : true,
  "audit" : false,
  "customizable" : false,
  "fieldLength" : 50,
  "precision" : 0,
  "fieldOrder" : 0,
  "fieldProperties" : {
    "autoGenerated" : "false"
  }
}, {
  "entityTypeId" : "5d0fa7ad-4ccd-4356-bd01-1fa16a24eca7",
  "id" : "30a15df2-6911-455a-9912-b56a0b775e7c",
  "name" : "journey_supervisor_phone",
  "sourceFieldname" : "journey_supervisor_phone",
  "description" : "journey_supervisor_phone",
  "dataType" : "string",
  "hasIndex" : false,
  "unique" : false,
  "primarykey" : false,
  "namefield" : false,
  "nullable" : true,
  "custom" : false,
  "createable" : true,
  "updateable" : true,
  "audit" : false,
  "customizable" : false,
  "fieldLength" : 20,
  "precision" : 0,
  "fieldOrder" : 0,
  "fieldProperties" : {
    "autoGenerated" : "false"
  }
}, {
  "entityTypeId" : "5d0fa7ad-4ccd-4356-bd01-1fa16a24eca7",
  "id" : "22d7d1ec-c46f-4b0b-9f1a-57fb67988e8a",
  "name" : "journey_tracking_point_id_fk",
  "sourceFieldname" : "journey_tracking_point_id_fk",
  "description" : "journey_tracking_point_id_fk",
  "dataType" : "number",
  "hasIndex" : false,
  "unique" : false,
  "primarykey" : false,
  "namefield" : false,
  "nullable" : true,
  "custom" : false,
  "createable" : true,
  "updateable" : true,
  "audit" : false,
  "customizable" : false,
  "fieldLength" : 10,
  "precision" : 0,
  "fieldOrder" : 0,
  "fieldProperties" : {
    "autoGenerated" : "false"
  }
}, {
  "entityTypeId" : "5d0fa7ad-4ccd-4356-bd01-1fa16a24eca7",
  "id" : "9dc6e78b-39d3-4b51-9074-d49f38d9b000",
  "name" : "journey_uf_id",
  "sourceFieldname" : "journey_uf_id",
  "description" : "journey_uf_id",
  "dataType" : "string",
  "hasIndex" : false,
  "unique" : false,
  "primarykey" : false,
  "namefield" : false,
  "nullable" : true,
  "custom" : false,
  "createable" : true,
  "updateable" : true,
  "audit" : false,
  "customizable" : false,
  "fieldLength" : 10,
  "precision" : 0,
  "fieldOrder" : 0,
  "fieldProperties" : {
    "autoGenerated" : "false"
  }
}, {
  "entityTypeId" : "5d0fa7ad-4ccd-4356-bd01-1fa16a24eca7",
  "id" : "641cd706-d99c-4db0-a700-6e0f69b9a96c",
  "name" : "journeystatus_code_fk",
  "sourceFieldname" : "journeystatus_code_fk",
  "description" : "journeystatus_code_fk",
  "dataType" : "number",
  "hasIndex" : false,
  "unique" : false,
  "primarykey" : false,
  "namefield" : false,
  "nullable" : true,
  "custom" : false,
  "createable" : true,
  "updateable" : true,
  "audit" : false,
  "customizable" : false,
  "fieldLength" : 10,
  "precision" : 0,
  "fieldOrder" : 0,
  "fieldProperties" : {
    "autoGenerated" : "false"
  }
}, {
  "entityTypeId" : "5d0fa7ad-4ccd-4356-bd01-1fa16a24eca7",
  "id" : "ee01666a-0db2-431d-bb55-e04e7710cd7a",
  "name" : "lastupdateddatetime",
  "sourceFieldname" : "lastupdateddatetime",
  "description" : "lastupdateddatetime",
  "dataType" : "date",
  "hasIndex" : false,
  "unique" : false,
  "primarykey" : false,
  "namefield" : false,
  "nullable" : true,
  "custom" : false,
  "createable" : true,
  "updateable" : true,
  "audit" : false,
  "customizable" : false,
  "fieldLength" : 19,
  "precision" : 0,
  "fieldOrder" : 0,
  "fieldProperties" : {
    "autoGenerated" : "false"
  }
}, {
  "entityTypeId" : "5d0fa7ad-4ccd-4356-bd01-1fa16a24eca7",
  "id" : "624ce8ec-0f15-4ff0-8e85-7f346ec1eae0",
  "name" : "softdeleteflag",
  "sourceFieldname" : "softdeleteflag",
  "description" : "softdeleteflag",
  "dataType" : "boolean",
  "hasIndex" : false,
  "unique" : false,
  "primarykey" : false,
  "namefield" : false,
  "nullable" : true,
  "custom" : false,
  "createable" : true,
  "updateable" : true,
  "audit" : false,
  "customizable" : false,
  "fieldLength" : 0,
  "precision" : 0,
  "fieldOrder" : 0,
  "fieldProperties" : {
    "autoGenerated" : "false"
  }
}, {
  "entityTypeId" : "5d0fa7ad-4ccd-4356-bd01-1fa16a24eca7",
  "id" : "1fd8f081-7098-4bad-b055-6003bdcd5984",
  "name" : "user_emp_id_fk",
  "sourceFieldname" : "user_emp_id_fk",
  "description" : "user_emp_id_fk",
  "dataType" : "string",
  "hasIndex" : false,
  "unique" : false,
  "primarykey" : false,
  "namefield" : false,
  "nullable" : true,
  "custom" : false,
  "createable" : true,
  "updateable" : true,
  "audit" : false,
  "customizable" : false,
  "fieldLength" : 10,
  "precision" : 0,
  "fieldOrder" : 0,
  "fieldProperties" : {
    "autoGenerated" : "false"
  }
} ]