[ {
  "sourceObject" : "journey_tbl",
  "targetObject" : "checkpoints_tbl",
  "relationshipKeys" : [ {
    "sourceField" : "journey_id_pk",
    "targetField" : "journey_id_fk",
    "etag" : "b87a1491-68ab-4858-8e6f-27ee7f6f17f7"
  } ],
  "name" : "journey_tbl_checkpoints_tbl",
  "type" : "OneToMany",
  "custom" : false,
  "cascadeDelete" : false
}, {
  "sourceObject" : "journey_tbl",
  "targetObject" : "incident_notification_tbl",
  "relationshipKeys" : [ {
    "sourceField" : "journey_id_pk",
    "targetField" : "journey_id_fk",
    "etag" : "3b5fbc12-88b1-4d1c-8d35-81319ec593f7"
  } ],
  "name" : "journey_tbl_incident_notification_tbl",
  "type" : "OneToMany",
  "custom" : false,
  "cascadeDelete" : false
}, {
  "sourceObject" : "journey_tbl",
  "targetObject" : "journey_notif_map_tbl",
  "relationshipKeys" : [ {
    "sourceField" : "journey_id_pk",
    "targetField" : "journey_id_fk",
    "etag" : "7f47b380-5a61-4b08-a1ee-a61f95d35845"
  } ],
  "name" : "journey_tbl_journey_notif_map_tbl",
  "type" : "OneToMany",
  "custom" : false,
  "cascadeDelete" : false
}, {
  "sourceObject" : "journey_tbl",
  "targetObject" : "journey_passengers_tbl",
  "relationshipKeys" : [ {
    "sourceField" : "journey_id_pk",
    "targetField" : "journey_id_fk",
    "etag" : "5326cb2d-a267-4582-bcd8-6f7d53d4c364"
  } ],
  "name" : "journey_tbl_journey_passengers_tbl",
  "type" : "OneToMany",
  "custom" : false,
  "cascadeDelete" : false
}, {
  "sourceObject" : "journey_tbl",
  "targetObject" : "journey_signature_tbl",
  "relationshipKeys" : [ {
    "sourceField" : "journey_id_pk",
    "targetField" : "journey_id_fk",
    "etag" : "3222491f-b0aa-4943-b81d-fcf41eb04f7c"
  } ],
  "name" : "journey_tbl_journey_signature_tbl",
  "type" : "OneToMany",
  "custom" : false,
  "cascadeDelete" : false
}, {
  "sourceObject" : "journey_tbl",
  "targetObject" : "journey_tracepoints_tbl",
  "relationshipKeys" : [ {
    "sourceField" : "journey_id_pk",
    "targetField" : "journey_id_fk",
    "etag" : "65ac7128-e71f-4c7b-8b20-f816c01e0610"
  } ],
  "name" : "journey_tbl_journey_tracepoints_tbl",
  "type" : "OneToMany",
  "custom" : false,
  "cascadeDelete" : false
}, {
  "sourceObject" : "journey_tbl",
  "targetObject" : "user_answers_tbl",
  "relationshipKeys" : [ {
    "sourceField" : "journey_id_pk",
    "targetField" : "journey_id_fk",
    "etag" : "64574893-f01a-4bd0-b329-e01d884d1235"
  } ],
  "name" : "journey_tbl_user_answers_tbl",
  "type" : "OneToMany",
  "custom" : false,
  "cascadeDelete" : false
} ]