[ {
  "entityTypeId" : "cb9bc4c4-ede6-4fff-902d-5cfc45dd3623",
  "id" : "7a99144d-2338-4f5f-adcf-134456624348",
  "name" : "createdby",
  "sourceFieldname" : "createdby",
  "description" : "createdby",
  "dataType" : "string",
  "hasIndex" : false,
  "unique" : false,
  "primarykey" : false,
  "namefield" : false,
  "nullable" : true,
  "custom" : false,
  "createable" : true,
  "updateable" : true,
  "audit" : false,
  "customizable" : false,
  "fieldLength" : 50,
  "precision" : 0,
  "fieldOrder" : 0,
  "fieldProperties" : {
    "autoGenerated" : "false"
  }
}, {
  "entityTypeId" : "cb9bc4c4-ede6-4fff-902d-5cfc45dd3623",
  "id" : "99a97e44-d085-45bc-86d8-cd39a9d179fa",
  "name" : "createddatetime",
  "sourceFieldname" : "createddatetime",
  "description" : "createddatetime",
  "dataType" : "date",
  "hasIndex" : false,
  "unique" : false,
  "primarykey" : false,
  "namefield" : false,
  "nullable" : true,
  "custom" : false,
  "createable" : true,
  "updateable" : true,
  "audit" : false,
  "customizable" : false,
  "fieldLength" : 19,
  "precision" : 0,
  "fieldOrder" : 0,
  "fieldProperties" : {
    "autoGenerated" : "false"
  }
}, {
  "entityTypeId" : "cb9bc4c4-ede6-4fff-902d-5cfc45dd3623",
  "id" : "7be2fbd7-ee0d-46a9-a95f-6f64c21847c3",
  "name" : "journey_id_fk",
  "sourceFieldname" : "journey_id_fk",
  "description" : "journey_id_fk",
  "dataType" : "number",
  "hasIndex" : false,
  "unique" : false,
  "primarykey" : false,
  "namefield" : false,
  "nullable" : true,
  "custom" : false,
  "createable" : true,
  "updateable" : true,
  "audit" : false,
  "customizable" : false,
  "fieldLength" : 10,
  "precision" : 0,
  "fieldOrder" : 0,
  "fieldProperties" : {
    "autoGenerated" : "false"
  }
}, {
  "entityTypeId" : "cb9bc4c4-ede6-4fff-902d-5cfc45dd3623",
  "id" : "9ed78e32-d7be-4836-9d16-a4eaea61363d",
  "name" : "lastupdatedby",
  "sourceFieldname" : "lastupdatedby",
  "description" : "lastupdatedby",
  "dataType" : "string",
  "hasIndex" : false,
  "unique" : false,
  "primarykey" : false,
  "namefield" : false,
  "nullable" : true,
  "custom" : false,
  "createable" : true,
  "updateable" : true,
  "audit" : false,
  "customizable" : false,
  "fieldLength" : 50,
  "precision" : 0,
  "fieldOrder" : 0,
  "fieldProperties" : {
    "autoGenerated" : "false"
  }
}, {
  "entityTypeId" : "cb9bc4c4-ede6-4fff-902d-5cfc45dd3623",
  "id" : "6e294e28-39d0-4b85-8af5-67efff38f907",
  "name" : "lastupdateddatetime",
  "sourceFieldname" : "lastupdateddatetime",
  "description" : "lastupdateddatetime",
  "dataType" : "date",
  "hasIndex" : false,
  "unique" : false,
  "primarykey" : false,
  "namefield" : false,
  "nullable" : true,
  "custom" : false,
  "createable" : true,
  "updateable" : true,
  "audit" : false,
  "customizable" : false,
  "fieldLength" : 19,
  "precision" : 0,
  "fieldOrder" : 0,
  "fieldProperties" : {
    "autoGenerated" : "false"
  }
}, {
  "entityTypeId" : "cb9bc4c4-ede6-4fff-902d-5cfc45dd3623",
  "id" : "118510c1-f43d-4ba8-8eb4-6c2192ba0ad5",
  "name" : "notification_id_fk",
  "sourceFieldname" : "notification_id_fk",
  "description" : "notification_id_fk",
  "dataType" : "number",
  "hasIndex" : false,
  "unique" : false,
  "primarykey" : false,
  "namefield" : false,
  "nullable" : true,
  "custom" : false,
  "createable" : true,
  "updateable" : true,
  "audit" : false,
  "customizable" : false,
  "fieldLength" : 10,
  "precision" : 0,
  "fieldOrder" : 0,
  "fieldProperties" : {
    "autoGenerated" : "false"
  }
}, {
  "entityTypeId" : "cb9bc4c4-ede6-4fff-902d-5cfc45dd3623",
  "id" : "e1e0417c-9c55-4c78-a866-bad9777fafcf",
  "name" : "row_id_pk",
  "sourceFieldname" : "row_id_pk",
  "description" : "row_id_pk",
  "dataType" : "number",
  "hasIndex" : false,
  "unique" : false,
  "primarykey" : true,
  "namefield" : false,
  "nullable" : false,
  "custom" : false,
  "createable" : false,
  "updateable" : false,
  "audit" : false,
  "customizable" : false,
  "fieldLength" : 10,
  "precision" : 0,
  "fieldOrder" : 0,
  "fieldProperties" : {
    "autoGenerated" : "true"
  }
}, {
  "entityTypeId" : "cb9bc4c4-ede6-4fff-902d-5cfc45dd3623",
  "id" : "2f9aa683-b61c-4ef4-8243-595f823cb7f8",
  "name" : "softdeleteflag",
  "sourceFieldname" : "softdeleteflag",
  "description" : "softdeleteflag",
  "dataType" : "boolean",
  "hasIndex" : false,
  "unique" : false,
  "primarykey" : false,
  "namefield" : false,
  "nullable" : true,
  "custom" : false,
  "createable" : true,
  "updateable" : true,
  "audit" : false,
  "customizable" : false,
  "fieldLength" : 0,
  "precision" : 0,
  "fieldOrder" : 0,
  "fieldProperties" : {
    "autoGenerated" : "false"
  }
} ]