[ {
  "entityTypeId" : "3abd9e0f-3608-4e9d-804b-a3a8f7f547d1",
  "id" : "06906f17-6484-4773-87e0-3c472e242c97",
  "name" : "admin_emp_id_responded_fk",
  "sourceFieldname" : "admin_emp_id_responded_fk",
  "description" : "admin_emp_id_responded_fk",
  "dataType" : "string",
  "hasIndex" : false,
  "unique" : false,
  "primarykey" : false,
  "namefield" : false,
  "nullable" : true,
  "custom" : false,
  "createable" : true,
  "updateable" : true,
  "audit" : false,
  "customizable" : false,
  "fieldLength" : 10,
  "precision" : 0,
  "fieldOrder" : 0,
  "fieldProperties" : {
    "autoGenerated" : "false"
  }
}, {
  "entityTypeId" : "3abd9e0f-3608-4e9d-804b-a3a8f7f547d1",
  "id" : "7d040731-5651-4571-9859-d2b8a64fcdb6",
  "name" : "createdby",
  "sourceFieldname" : "createdby",
  "description" : "createdby",
  "dataType" : "string",
  "hasIndex" : false,
  "unique" : false,
  "primarykey" : false,
  "namefield" : false,
  "nullable" : true,
  "custom" : false,
  "createable" : true,
  "updateable" : true,
  "audit" : false,
  "customizable" : false,
  "fieldLength" : 50,
  "precision" : 0,
  "fieldOrder" : 0,
  "fieldProperties" : {
    "autoGenerated" : "false"
  }
}, {
  "entityTypeId" : "3abd9e0f-3608-4e9d-804b-a3a8f7f547d1",
  "id" : "f3b74be0-caf7-42d2-820b-dc027561632a",
  "name" : "createddatetime",
  "sourceFieldname" : "createddatetime",
  "description" : "createddatetime",
  "dataType" : "date",
  "hasIndex" : false,
  "unique" : false,
  "primarykey" : false,
  "namefield" : false,
  "nullable" : true,
  "custom" : false,
  "createable" : true,
  "updateable" : true,
  "audit" : false,
  "customizable" : false,
  "fieldLength" : 19,
  "precision" : 0,
  "fieldOrder" : 0,
  "fieldProperties" : {
    "autoGenerated" : "false"
  }
}, {
  "entityTypeId" : "3abd9e0f-3608-4e9d-804b-a3a8f7f547d1",
  "id" : "c2682725-98a0-4f09-86a6-e4329f196084",
  "name" : "incident_assistance_required",
  "sourceFieldname" : "incident_assistance_required",
  "description" : "incident_assistance_required",
  "dataType" : "string",
  "hasIndex" : false,
  "unique" : false,
  "primarykey" : false,
  "namefield" : false,
  "nullable" : true,
  "custom" : false,
  "createable" : true,
  "updateable" : true,
  "audit" : false,
  "customizable" : false,
  "fieldLength" : 100,
  "precision" : 0,
  "fieldOrder" : 0,
  "fieldProperties" : {
    "autoGenerated" : "false"
  }
}, {
  "entityTypeId" : "3abd9e0f-3608-4e9d-804b-a3a8f7f547d1",
  "id" : "4bc96b57-c33c-4cfb-b5ed-66f7daa70f4c",
  "name" : "incident_desciption",
  "sourceFieldname" : "incident_desciption",
  "description" : "incident_desciption",
  "dataType" : "string",
  "hasIndex" : false,
  "unique" : false,
  "primarykey" : false,
  "namefield" : false,
  "nullable" : true,
  "custom" : false,
  "createable" : true,
  "updateable" : true,
  "audit" : false,
  "customizable" : false,
  "fieldLength" : 100,
  "precision" : 0,
  "fieldOrder" : 0,
  "fieldProperties" : {
    "autoGenerated" : "false"
  }
}, {
  "entityTypeId" : "3abd9e0f-3608-4e9d-804b-a3a8f7f547d1",
  "id" : "2f51f961-c582-4e95-9f8d-f04e4723d433",
  "name" : "incident_id_pk",
  "sourceFieldname" : "incident_id_pk",
  "description" : "incident_id_pk",
  "dataType" : "number",
  "hasIndex" : false,
  "unique" : false,
  "primarykey" : true,
  "namefield" : false,
  "nullable" : false,
  "custom" : false,
  "createable" : false,
  "updateable" : false,
  "audit" : false,
  "customizable" : false,
  "fieldLength" : 10,
  "precision" : 0,
  "fieldOrder" : 0,
  "fieldProperties" : {
    "autoGenerated" : "true"
  }
}, {
  "entityTypeId" : "3abd9e0f-3608-4e9d-804b-a3a8f7f547d1",
  "id" : "8e26c2e7-34e2-44d7-9fef-796cc215b409",
  "name" : "incident_response_id_fk",
  "sourceFieldname" : "incident_response_id_fk",
  "description" : "incident_response_id_fk",
  "dataType" : "number",
  "hasIndex" : false,
  "unique" : false,
  "primarykey" : false,
  "namefield" : false,
  "nullable" : true,
  "custom" : false,
  "createable" : true,
  "updateable" : true,
  "audit" : false,
  "customizable" : false,
  "fieldLength" : 10,
  "precision" : 0,
  "fieldOrder" : 0,
  "fieldProperties" : {
    "autoGenerated" : "false"
  }
}, {
  "entityTypeId" : "3abd9e0f-3608-4e9d-804b-a3a8f7f547d1",
  "id" : "35218a35-77a6-4ca8-9eda-ad7705c5afce",
  "name" : "incident_response_text",
  "sourceFieldname" : "incident_response_text",
  "description" : "incident_response_text",
  "dataType" : "string",
  "hasIndex" : false,
  "unique" : false,
  "primarykey" : false,
  "namefield" : false,
  "nullable" : true,
  "custom" : false,
  "createable" : true,
  "updateable" : true,
  "audit" : false,
  "customizable" : false,
  "fieldLength" : 200,
  "precision" : 0,
  "fieldOrder" : 0,
  "fieldProperties" : {
    "autoGenerated" : "false"
  }
}, {
  "entityTypeId" : "3abd9e0f-3608-4e9d-804b-a3a8f7f547d1",
  "id" : "f62912cc-b74c-4fc4-8f54-bf930c407dc1",
  "name" : "incident_status_id_fk",
  "sourceFieldname" : "incident_status_id_fk",
  "description" : "incident_status_id_fk",
  "dataType" : "number",
  "hasIndex" : false,
  "unique" : false,
  "primarykey" : false,
  "namefield" : false,
  "nullable" : true,
  "custom" : false,
  "createable" : true,
  "updateable" : true,
  "audit" : false,
  "customizable" : false,
  "fieldLength" : 10,
  "precision" : 0,
  "fieldOrder" : 0,
  "fieldProperties" : {
    "autoGenerated" : "false"
  }
}, {
  "entityTypeId" : "3abd9e0f-3608-4e9d-804b-a3a8f7f547d1",
  "id" : "9777e200-7e99-46ee-87a2-5ca651bb54d9",
  "name" : "incident_type_id_fk",
  "sourceFieldname" : "incident_type_id_fk",
  "description" : "incident_type_id_fk",
  "dataType" : "number",
  "hasIndex" : false,
  "unique" : false,
  "primarykey" : false,
  "namefield" : false,
  "nullable" : true,
  "custom" : false,
  "createable" : true,
  "updateable" : true,
  "audit" : false,
  "customizable" : false,
  "fieldLength" : 10,
  "precision" : 0,
  "fieldOrder" : 0,
  "fieldProperties" : {
    "autoGenerated" : "false"
  }
}, {
  "entityTypeId" : "3abd9e0f-3608-4e9d-804b-a3a8f7f547d1",
  "id" : "64c084f8-b19a-458b-8b2d-610c3359e567",
  "name" : "journey_id_fk",
  "sourceFieldname" : "journey_id_fk",
  "description" : "journey_id_fk",
  "dataType" : "number",
  "hasIndex" : false,
  "unique" : false,
  "primarykey" : false,
  "namefield" : false,
  "nullable" : true,
  "custom" : false,
  "createable" : true,
  "updateable" : true,
  "audit" : false,
  "customizable" : false,
  "fieldLength" : 10,
  "precision" : 0,
  "fieldOrder" : 0,
  "fieldProperties" : {
    "autoGenerated" : "false"
  }
}, {
  "entityTypeId" : "3abd9e0f-3608-4e9d-804b-a3a8f7f547d1",
  "id" : "b5d5d103-2499-49cc-a9c1-793cb3c9d71c",
  "name" : "lastupdatedby",
  "sourceFieldname" : "lastupdatedby",
  "description" : "lastupdatedby",
  "dataType" : "string",
  "hasIndex" : false,
  "unique" : false,
  "primarykey" : false,
  "namefield" : false,
  "nullable" : true,
  "custom" : false,
  "createable" : true,
  "updateable" : true,
  "audit" : false,
  "customizable" : false,
  "fieldLength" : 50,
  "precision" : 0,
  "fieldOrder" : 0,
  "fieldProperties" : {
    "autoGenerated" : "false"
  }
}, {
  "entityTypeId" : "3abd9e0f-3608-4e9d-804b-a3a8f7f547d1",
  "id" : "0f1dcf0f-50aa-464a-b82d-8cf7c2447edc",
  "name" : "lastupdateddatetime",
  "sourceFieldname" : "lastupdateddatetime",
  "description" : "lastupdateddatetime",
  "dataType" : "date",
  "hasIndex" : false,
  "unique" : false,
  "primarykey" : false,
  "namefield" : false,
  "nullable" : true,
  "custom" : false,
  "createable" : true,
  "updateable" : true,
  "audit" : false,
  "customizable" : false,
  "fieldLength" : 19,
  "precision" : 0,
  "fieldOrder" : 0,
  "fieldProperties" : {
    "autoGenerated" : "false"
  }
}, {
  "entityTypeId" : "3abd9e0f-3608-4e9d-804b-a3a8f7f547d1",
  "id" : "6de873a3-dabc-4814-b763-28457aee9777",
  "name" : "softdeleteflag",
  "sourceFieldname" : "softdeleteflag",
  "description" : "softdeleteflag",
  "dataType" : "boolean",
  "hasIndex" : false,
  "unique" : false,
  "primarykey" : false,
  "namefield" : false,
  "nullable" : true,
  "custom" : false,
  "createable" : true,
  "updateable" : true,
  "audit" : false,
  "customizable" : false,
  "fieldLength" : 0,
  "precision" : 0,
  "fieldOrder" : 0,
  "fieldProperties" : {
    "autoGenerated" : "false"
  }
} ]