{"desktopweb":{"platform":"desktopweb","indexjl":"js","devicemessage":"This device is currently not supported","deviceexception":"Unknown Error Occurred <br/> Contact System Admin","webmanifest":"webmanifest","themecolor":"#FFFFFF","appleicon":"launcher-192.png","enableProgressiveWeb":"true","enablepush":"true","importjsfiles":["https://www.gstatic.com/firebasejs/5.5.3/firebase-app.js","https://www.gstatic.com/firebasejs/5.5.3/firebase-messaging.js"],"defaultLocale":"en","default_locale":"en","locales":"[\"en\",\"en_US\",\"pt\"]","javascripterrormsg":"To use this site, first enable your browser's JavaScript support and then refresh this page.","version":"1.0.1","category":"desktopweb/","bgcolor":"#ffffff","style":"width:100%; margin: 0px; padding: 0px;","bodyalign":"left","enablexfsdw":false,"enablexfs":"false","isDebug":"false","csslist":[],"jslist":[]},"appconfig":{"buildoption":"debug","applocales":"pt,en_US,en","spa":"desktopweb","appid":"JourneyManagemen","devicedblookup":"false","smsecure":"","cacheId":"1564990740503","cacheUrl":"JourneyManagemen/1564990740503"}}