[ {
  "sourceObject" : "region_master_tbl",
  "targetObject" : "guides_manuals_tbl",
  "relationshipKeys" : [ {
    "sourceField" : "region_id_pk",
    "targetField" : "region_id_fk",
    "etag" : "60007ed2-0916-4de1-a186-c8a8bc99ce42"
  } ],
  "name" : "region_master_tbl_guides_manuals_tbl",
  "type" : "OneToMany",
  "custom" : false,
  "cascadeDelete" : false
}, {
  "sourceObject" : "region_master_tbl",
  "targetObject" : "question_localisation_mapping_tbl",
  "relationshipKeys" : [ {
    "sourceField" : "region_id_pk",
    "targetField" : "region_id_fk",
    "etag" : "069bedf8-ac55-42f6-9c5a-d2b4d74bf209"
  } ],
  "name" : "region_master_tbl_question_localisation_mapping_tbl",
  "type" : "OneToMany",
  "custom" : false,
  "cascadeDelete" : false
} ]