{
  "operationConfig" : {
    "name" : "queryinspectionuser8820",
    "type" : "MappedToBackend",
    "cachable" : false,
    "smsEnabled" : false,
    "security" : "authorized_app_user",
    "responseEncoding" : "UTF-8",
    "httpMethod" : "GET",
    "decodeResponseBody" : false,
    "referencingEndpoint" : "default",
    "odata" : [ {
      "id" : "$select",
      "dataType" : "string",
      "encode" : true,
      "accessType" : "readonly"
    }, {
      "id" : "$filter",
      "dataType" : "string",
      "encode" : true,
      "accessType" : "readonly"
    }, {
      "id" : "$orderby",
      "dataType" : "string",
      "encode" : true,
      "accessType" : "readonly"
    }, {
      "id" : "$top",
      "dataType" : "string",
      "encode" : true,
      "accessType" : "readonly"
    }, {
      "id" : "$skip",
      "dataType" : "string",
      "encode" : true,
      "accessType" : "readonly"
    }, {
      "id" : "$expand",
      "dataType" : "string",
      "encode" : true,
      "accessType" : "readonly"
    } ],
    "applyCommonMapping" : true,
    "applyRequestCommonMapping" : true,
    "applyResponseCommonMapping" : true,
    "entityMetadata" : "{\"entityAttributeTypeList\":[{\"name\":\"User_Id\",\"jdbcType\":-5,\"columnTypeName\":\"BIGINT\",\"columnDecimalDigits\":0,\"autoGenerated\":true,\"creatable\":false,\"updatable\":false,\"primary\":true,\"softDelete\":false,\"lastModified\":false},{\"name\":\"FirstName\",\"jdbcType\":12,\"columnTypeName\":\"VARCHAR\",\"columnDecimalDigits\":0,\"autoGenerated\":false,\"creatable\":true,\"updatable\":true,\"primary\":false,\"softDelete\":false,\"lastModified\":false},{\"name\":\"LastName\",\"jdbcType\":12,\"columnTypeName\":\"VARCHAR\",\"columnDecimalDigits\":0,\"autoGenerated\":false,\"creatable\":true,\"updatable\":true,\"primary\":false,\"softDelete\":false,\"lastModified\":false},{\"name\":\"Password\",\"jdbcType\":12,\"columnTypeName\":\"VARCHAR\",\"columnDecimalDigits\":0,\"autoGenerated\":false,\"creatable\":true,\"updatable\":true,\"primary\":false,\"softDelete\":false,\"lastModified\":false},{\"name\":\"Role\",\"jdbcType\":12,\"columnTypeName\":\"VARCHAR\",\"columnDecimalDigits\":0,\"autoGenerated\":false,\"creatable\":true,\"updatable\":true,\"primary\":false,\"softDelete\":false,\"lastModified\":false},{\"name\":\"id\",\"jdbcType\":-5,\"columnTypeName\":\"BIGINT UNSIGNED\",\"columnDecimalDigits\":0,\"autoGenerated\":false,\"creatable\":true,\"updatable\":false,\"primary\":true,\"softDelete\":false,\"lastModified\":false},{\"name\":\"email\",\"jdbcType\":12,\"columnTypeName\":\"VARCHAR\",\"columnDecimalDigits\":0,\"autoGenerated\":false,\"creatable\":true,\"updatable\":true,\"primary\":false,\"softDelete\":false,\"lastModified\":false},{\"name\":\"SoftDeleteFlag\",\"jdbcType\":-7,\"columnTypeName\":\"BIT\",\"columnDecimalDigits\":0,\"autoGenerated\":false,\"creatable\":true,\"updatable\":true,\"primary\":false,\"softDelete\":true,\"lastModified\":false},{\"name\":\"CreatedTimestamp\",\"jdbcType\":93,\"columnTypeName\":\"TIMESTAMP\",\"columnDecimalDigits\":0,\"autoGenerated\":false,\"creatable\":true,\"updatable\":true,\"primary\":false,\"softDelete\":false,\"lastModified\":false},{\"name\":\"LastUpdatedTimestamp\",\"jdbcType\":93,\"columnTypeName\":\"TIMESTAMP\",\"columnDecimalDigits\":0,\"autoGenerated\":false,\"creatable\":true,\"updatable\":true,\"primary\":false,\"softDelete\":false,\"lastModified\":false}],\"relationshipTypeList\":[],\"name\":\"inspection_user\",\"schemaName\":\"inspectionsoffline\",\"entityType\":\"com.kony.rdbms.metadata.model.AnnotatedTable\"}",
    "opcode" : "query",
    "backendMeta" : {
      "qualifiedObjectName" : "inspectionsoffline.inspection_user",
      "backendObjectName" : "inspection_user"
    },
    "relationshipHierarchyMapping" : {
      "children" : [ ],
      "name" : "inspection_user",
      "actions" : {
        "get" : true
      },
      "selected" : true
    },
    "requestXmlMappingOverride" : false,
    "responseXmlMappingOverride" : false
  }
}