{
  "operationConfig" : {
    "name" : "deletecheckinintervalmastertbl8540",
    "type" : "MappedToBackend",
    "cachable" : false,
    "smsEnabled" : false,
    "security" : "authorized_app",
    "responseEncoding" : "UTF-8",
    "httpMethod" : "GET",
    "decodeResponseBody" : false,
    "referencingEndpoint" : "default",
    "inputs" : [ {
      "id" : "checkin_interval_row_id_pk",
      "scope" : "request",
      "dataType" : "number",
      "encode" : true,
      "passNull" : false
    } ],
    "odata" : [ {
      "id" : "$filter",
      "dataType" : "string",
      "encode" : true,
      "accessType" : "readonly"
    } ],
    "iMapping" : "<?xml version=\"1.0\" encoding=\"UTF-8\" standalone=\"yes\"?><mapper xmlns=\"http://www.kony.com/ns/mapper\"><map inputpath=\"request_in\" outputpath=\"request_out\"><exec-function name=\"kony.gen.obj.checkin_interval_master_tbl.toLOBFields\"/><exec-function name=\"kony.gen.obj.checkin_interval_master_tbl__metadata.toLOBFields\"/></map></mapper>",
    "oMapping" : "<?xml version=\"1.0\" encoding=\"UTF-8\" standalone=\"yes\"?><mapper xmlns=\"http://www.kony.com/ns/mapper\"><map inputpath=\"response_in\" outputpath=\"response_out\"><map inputpath=\"checkin_interval_master_tbl\" outputpath=\"checkin_interval_master_tbl\"><exec-function name=\"kony.gen.obj.checkin_interval_master_tbl.fromLOBFields\"/></map></map></mapper>",
    "applyCommonMapping" : true,
    "applyRequestCommonMapping" : true,
    "applyResponseCommonMapping" : true,
    "entityMetadata" : "{\"entityAttributeTypeList\":[{\"name\":\"checkin_interval_row_id_pk\",\"jdbcType\":4,\"columnTypeName\":\"INT\",\"columnDecimalDigits\":0,\"autoGenerated\":true,\"creatable\":false,\"updatable\":false,\"primary\":true,\"softDelete\":false,\"lastModified\":false},{\"name\":\"checkin_interval_minutes\",\"jdbcType\":4,\"columnTypeName\":\"INT\",\"columnDecimalDigits\":0,\"autoGenerated\":false,\"creatable\":true,\"updatable\":true,\"primary\":false,\"softDelete\":false,\"lastModified\":false},{\"name\":\"createddatetime\",\"jdbcType\":93,\"columnTypeName\":\"TIMESTAMP\",\"columnDecimalDigits\":0,\"autoGenerated\":false,\"creatable\":true,\"updatable\":true,\"primary\":false,\"softDelete\":false,\"lastModified\":false},{\"name\":\"lastupdateddatetime\",\"jdbcType\":93,\"columnTypeName\":\"TIMESTAMP\",\"columnDecimalDigits\":0,\"autoGenerated\":false,\"creatable\":true,\"updatable\":true,\"primary\":false,\"softDelete\":false,\"lastModified\":false},{\"name\":\"softdeleteflag\",\"jdbcType\":-7,\"columnTypeName\":\"BIT\",\"columnDecimalDigits\":0,\"autoGenerated\":false,\"creatable\":true,\"updatable\":true,\"primary\":false,\"softDelete\":true,\"lastModified\":false},{\"name\":\"createdby\",\"jdbcType\":12,\"columnTypeName\":\"VARCHAR\",\"columnDecimalDigits\":0,\"autoGenerated\":false,\"creatable\":true,\"updatable\":true,\"primary\":false,\"softDelete\":false,\"lastModified\":false},{\"name\":\"lastupdatedby\",\"jdbcType\":12,\"columnTypeName\":\"VARCHAR\",\"columnDecimalDigits\":0,\"autoGenerated\":false,\"creatable\":true,\"updatable\":true,\"primary\":false,\"softDelete\":false,\"lastModified\":false}],\"relationshipTypeList\":[{\"targetEntityType\":{\"name\":\"journey_tbl\",\"schemaName\":\"test_rnd\"},\"relationshipAttributeTypeList\":[{\"sourceEntityAttributeType\":{\"name\":\"checkin_interval_row_id_pk\",\"jdbcType\":0,\"columnDecimalDigits\":0,\"autoGenerated\":false,\"creatable\":false,\"updatable\":false,\"primary\":false,\"softDelete\":false,\"lastModified\":false},\"targetEntityAttributeType\":{\"name\":\"checkin_interval_row_id_fk\",\"jdbcType\":0,\"columnDecimalDigits\":0,\"autoGenerated\":false,\"creatable\":false,\"updatable\":false,\"primary\":false,\"softDelete\":false,\"lastModified\":false}}],\"cascadeDelete\":false,\"relationshipType\":\"ONE_TO_MANY\"}],\"name\":\"checkin_interval_master_tbl\",\"schemaName\":\"test_rnd\",\"entityType\":\"com.kony.rdbms.metadata.model.AnnotatedTable\"}",
    "opcode" : "delete",
    "backendMeta" : {
      "qualifiedObjectName" : "test_rnd.checkin_interval_master_tbl",
      "backendObjectName" : "checkin_interval_master_tbl"
    },
    "relationshipHierarchyMapping" : {
      "children" : [ {
        "actionsAllSelected" : false,
        "children" : [ {
          "actionsAllSelected" : false,
          "children" : [ ],
          "name" : "checkpoints_tbl",
          "actions" : {
            "delete" : false
          },
          "actionsPartiallySelected" : false,
          "selected" : false
        }, {
          "actionsAllSelected" : false,
          "children" : [ ],
          "name" : "incident_notification_tbl",
          "actions" : {
            "delete" : false
          },
          "actionsPartiallySelected" : false,
          "selected" : false
        }, {
          "actionsAllSelected" : false,
          "children" : [ ],
          "name" : "journey_notif_map_tbl",
          "actions" : {
            "delete" : false
          },
          "actionsPartiallySelected" : false,
          "selected" : false
        }, {
          "actionsAllSelected" : false,
          "children" : [ ],
          "name" : "journey_passengers_tbl",
          "actions" : {
            "delete" : false
          },
          "actionsPartiallySelected" : false,
          "selected" : false
        }, {
          "actionsAllSelected" : false,
          "children" : [ ],
          "name" : "journey_signature_tbl",
          "actions" : {
            "delete" : false
          },
          "actionsPartiallySelected" : false,
          "selected" : false
        }, {
          "actionsAllSelected" : false,
          "children" : [ ],
          "name" : "journey_tracepoints_tbl",
          "actions" : {
            "delete" : false
          },
          "actionsPartiallySelected" : false,
          "selected" : false
        }, {
          "actionsAllSelected" : false,
          "children" : [ ],
          "name" : "user_answers_tbl",
          "actions" : {
            "delete" : false
          },
          "actionsPartiallySelected" : false,
          "selected" : false
        } ],
        "name" : "journey_tbl",
        "actions" : {
          "delete" : false
        },
        "actionsPartiallySelected" : false,
        "selected" : false
      } ],
      "name" : "checkin_interval_master_tbl",
      "actions" : {
        "delete" : true
      },
      "selected" : true
    },
    "requestXmlMappingOverride" : false,
    "responseXmlMappingOverride" : false
  }
}