[ {
  "entityTypeId" : "7c7ebc96-b9ac-4960-b714-5ad20928d65a",
  "id" : "9e4bcffb-169a-40fe-918a-4649f5d0b5e2",
  "name" : "checkin_interval_minutes",
  "sourceFieldname" : "checkin_interval_minutes",
  "description" : "checkin_interval_minutes",
  "dataType" : "number",
  "hasIndex" : false,
  "unique" : false,
  "primarykey" : false,
  "namefield" : false,
  "nullable" : true,
  "custom" : false,
  "createable" : true,
  "updateable" : true,
  "audit" : false,
  "customizable" : false,
  "fieldLength" : 10,
  "precision" : 0,
  "fieldOrder" : 0,
  "fieldProperties" : {
    "autoGenerated" : "false"
  }
}, {
  "entityTypeId" : "7c7ebc96-b9ac-4960-b714-5ad20928d65a",
  "id" : "e399151b-1232-43af-a65e-de1df404ded5",
  "name" : "checkin_interval_row_id_pk",
  "sourceFieldname" : "checkin_interval_row_id_pk",
  "description" : "checkin_interval_row_id_pk",
  "dataType" : "number",
  "hasIndex" : false,
  "unique" : false,
  "primarykey" : true,
  "namefield" : false,
  "nullable" : false,
  "custom" : false,
  "createable" : false,
  "updateable" : false,
  "audit" : false,
  "customizable" : false,
  "fieldLength" : 10,
  "precision" : 0,
  "fieldOrder" : 0,
  "fieldProperties" : {
    "autoGenerated" : "true"
  }
}, {
  "entityTypeId" : "7c7ebc96-b9ac-4960-b714-5ad20928d65a",
  "id" : "4f086a5f-63db-4eca-a8eb-35800de1f1a7",
  "name" : "createdby",
  "sourceFieldname" : "createdby",
  "description" : "createdby",
  "dataType" : "string",
  "hasIndex" : false,
  "unique" : false,
  "primarykey" : false,
  "namefield" : false,
  "nullable" : true,
  "custom" : false,
  "createable" : true,
  "updateable" : true,
  "audit" : false,
  "customizable" : false,
  "fieldLength" : 50,
  "precision" : 0,
  "fieldOrder" : 0,
  "fieldProperties" : {
    "autoGenerated" : "false"
  }
}, {
  "entityTypeId" : "7c7ebc96-b9ac-4960-b714-5ad20928d65a",
  "id" : "cf0945c0-0397-4caa-85e2-733cf9ab1d06",
  "name" : "createddatetime",
  "sourceFieldname" : "createddatetime",
  "description" : "createddatetime",
  "dataType" : "date",
  "hasIndex" : false,
  "unique" : false,
  "primarykey" : false,
  "namefield" : false,
  "nullable" : true,
  "custom" : false,
  "createable" : true,
  "updateable" : true,
  "audit" : false,
  "customizable" : false,
  "fieldLength" : 19,
  "precision" : 0,
  "fieldOrder" : 0,
  "fieldProperties" : {
    "autoGenerated" : "false"
  }
}, {
  "entityTypeId" : "7c7ebc96-b9ac-4960-b714-5ad20928d65a",
  "id" : "667a279a-bee2-4f3e-9694-8976a76ec88d",
  "name" : "lastupdatedby",
  "sourceFieldname" : "lastupdatedby",
  "description" : "lastupdatedby",
  "dataType" : "string",
  "hasIndex" : false,
  "unique" : false,
  "primarykey" : false,
  "namefield" : false,
  "nullable" : true,
  "custom" : false,
  "createable" : true,
  "updateable" : true,
  "audit" : false,
  "customizable" : false,
  "fieldLength" : 50,
  "precision" : 0,
  "fieldOrder" : 0,
  "fieldProperties" : {
    "autoGenerated" : "false"
  }
}, {
  "entityTypeId" : "7c7ebc96-b9ac-4960-b714-5ad20928d65a",
  "id" : "8e2c25d5-f6aa-45d6-b7e4-0f0ac5887264",
  "name" : "lastupdateddatetime",
  "sourceFieldname" : "lastupdateddatetime",
  "description" : "lastupdateddatetime",
  "dataType" : "date",
  "hasIndex" : false,
  "unique" : false,
  "primarykey" : false,
  "namefield" : false,
  "nullable" : true,
  "custom" : false,
  "createable" : true,
  "updateable" : true,
  "audit" : false,
  "customizable" : false,
  "fieldLength" : 19,
  "precision" : 0,
  "fieldOrder" : 0,
  "fieldProperties" : {
    "autoGenerated" : "false"
  }
}, {
  "entityTypeId" : "7c7ebc96-b9ac-4960-b714-5ad20928d65a",
  "id" : "5d7fea4a-2f8b-4bba-a1c6-0d85dc962c79",
  "name" : "softdeleteflag",
  "sourceFieldname" : "softdeleteflag",
  "description" : "softdeleteflag",
  "dataType" : "boolean",
  "hasIndex" : false,
  "unique" : false,
  "primarykey" : false,
  "namefield" : false,
  "nullable" : true,
  "custom" : false,
  "createable" : true,
  "updateable" : true,
  "audit" : false,
  "customizable" : false,
  "fieldLength" : 0,
  "precision" : 0,
  "fieldOrder" : 0,
  "fieldProperties" : {
    "autoGenerated" : "false"
  }
} ]