[ {
  "entityTypeId" : "7a04ee58-58dd-4cbb-8280-7b5b57df31b4",
  "id" : "f4f22ebc-d7b1-401d-9c77-3d1ced06a9d9",
  "name" : "CreatedTimestamp",
  "sourceFieldname" : "CreatedTimestamp",
  "description" : "CreatedTimestamp",
  "dataType" : "date",
  "hasIndex" : false,
  "unique" : false,
  "primarykey" : false,
  "namefield" : false,
  "nullable" : true,
  "custom" : false,
  "createable" : true,
  "updateable" : true,
  "audit" : false,
  "customizable" : false,
  "fieldLength" : 19,
  "precision" : 0,
  "fieldOrder" : 0,
  "fieldProperties" : {
    "autoGenerated" : "false"
  }
}, {
  "entityTypeId" : "7a04ee58-58dd-4cbb-8280-7b5b57df31b4",
  "id" : "613ca23a-adae-4c55-89b4-287d4d55c8c5",
  "name" : "LastUpdatedTimestamp",
  "sourceFieldname" : "LastUpdatedTimestamp",
  "description" : "LastUpdatedTimestamp",
  "dataType" : "date",
  "hasIndex" : false,
  "unique" : false,
  "primarykey" : false,
  "namefield" : false,
  "nullable" : true,
  "custom" : false,
  "createable" : true,
  "updateable" : true,
  "audit" : false,
  "customizable" : false,
  "fieldLength" : 19,
  "precision" : 0,
  "fieldOrder" : 0,
  "fieldProperties" : {
    "autoGenerated" : "false"
  }
}, {
  "entityTypeId" : "7a04ee58-58dd-4cbb-8280-7b5b57df31b4",
  "id" : "cebfeb00-6aae-41b4-9af6-dc2a8019249c",
  "name" : "Measurement_Range_Id",
  "sourceFieldname" : "Measurement_Range_Id",
  "description" : "Measurement_Range_Id",
  "dataType" : "number",
  "hasIndex" : false,
  "unique" : false,
  "primarykey" : false,
  "namefield" : false,
  "nullable" : true,
  "custom" : false,
  "createable" : true,
  "updateable" : true,
  "audit" : false,
  "customizable" : false,
  "fieldLength" : 19,
  "precision" : 0,
  "fieldOrder" : 0,
  "fieldProperties" : {
    "autoGenerated" : "false"
  }
}, {
  "entityTypeId" : "7a04ee58-58dd-4cbb-8280-7b5b57df31b4",
  "id" : "e93215cf-5781-43d2-90cb-488118708ff3",
  "name" : "Measurement_Set_Id",
  "sourceFieldname" : "Measurement_Set_Id",
  "description" : "Measurement_Set_Id",
  "dataType" : "number",
  "hasIndex" : false,
  "unique" : false,
  "primarykey" : false,
  "namefield" : false,
  "nullable" : true,
  "custom" : false,
  "createable" : true,
  "updateable" : true,
  "audit" : false,
  "customizable" : false,
  "fieldLength" : 19,
  "precision" : 0,
  "fieldOrder" : 0,
  "fieldProperties" : {
    "autoGenerated" : "false"
  }
}, {
  "entityTypeId" : "7a04ee58-58dd-4cbb-8280-7b5b57df31b4",
  "id" : "45f6a58e-5dd9-4ba4-987a-9809b4975540",
  "name" : "MeasurementSet_MeasurementRange_Id",
  "sourceFieldname" : "MeasurementSet_MeasurementRange_Id",
  "description" : "MeasurementSet_MeasurementRange_Id",
  "dataType" : "number",
  "hasIndex" : false,
  "unique" : false,
  "primarykey" : true,
  "namefield" : false,
  "nullable" : false,
  "custom" : false,
  "createable" : false,
  "updateable" : false,
  "audit" : false,
  "customizable" : false,
  "fieldLength" : 19,
  "precision" : 0,
  "fieldOrder" : 0,
  "fieldProperties" : {
    "autoGenerated" : "true"
  }
}, {
  "entityTypeId" : "7a04ee58-58dd-4cbb-8280-7b5b57df31b4",
  "id" : "38d70343-35b1-4452-95ae-dd4db8ec5dee",
  "name" : "SoftDeleteFlag",
  "sourceFieldname" : "SoftDeleteFlag",
  "description" : "SoftDeleteFlag",
  "dataType" : "boolean",
  "hasIndex" : false,
  "unique" : false,
  "primarykey" : false,
  "namefield" : false,
  "nullable" : true,
  "custom" : false,
  "createable" : true,
  "updateable" : true,
  "audit" : false,
  "customizable" : false,
  "fieldLength" : 0,
  "precision" : 0,
  "fieldOrder" : 0,
  "fieldProperties" : {
    "autoGenerated" : "false"
  }
} ]