[ {
  "entityTypeId" : "87543674-fa47-4357-ac38-fad03e06c4f6",
  "id" : "341cbe02-27cb-4ff3-8861-e5b2307c0325",
  "name" : "actual_checkin_timestamp",
  "sourceFieldname" : "actual_checkin_timestamp",
  "description" : "actual_checkin_timestamp",
  "dataType" : "date",
  "hasIndex" : false,
  "unique" : false,
  "primarykey" : false,
  "namefield" : false,
  "nullable" : true,
  "custom" : false,
  "createable" : true,
  "updateable" : true,
  "audit" : false,
  "customizable" : false,
  "fieldLength" : 19,
  "precision" : 0,
  "fieldOrder" : 0,
  "fieldProperties" : {
    "autoGenerated" : "false"
  }
}, {
  "entityTypeId" : "87543674-fa47-4357-ac38-fad03e06c4f6",
  "id" : "1d2a09e1-d288-431a-b7a0-93b848b1289a",
  "name" : "admin_action_description",
  "sourceFieldname" : "admin_action_description",
  "description" : "admin_action_description",
  "dataType" : "string",
  "hasIndex" : false,
  "unique" : false,
  "primarykey" : false,
  "namefield" : false,
  "nullable" : true,
  "custom" : false,
  "createable" : true,
  "updateable" : true,
  "audit" : false,
  "customizable" : false,
  "fieldLength" : 100,
  "precision" : 0,
  "fieldOrder" : 0,
  "fieldProperties" : {
    "autoGenerated" : "false"
  }
}, {
  "entityTypeId" : "87543674-fa47-4357-ac38-fad03e06c4f6",
  "id" : "ca71821e-152e-427d-8e31-97feac7753c3",
  "name" : "admin_action_id_for_delay_fk",
  "sourceFieldname" : "admin_action_id_for_delay_fk",
  "description" : "admin_action_id_for_delay_fk",
  "dataType" : "number",
  "hasIndex" : false,
  "unique" : false,
  "primarykey" : false,
  "namefield" : false,
  "nullable" : true,
  "custom" : false,
  "createable" : true,
  "updateable" : true,
  "audit" : false,
  "customizable" : false,
  "fieldLength" : 10,
  "precision" : 0,
  "fieldOrder" : 0,
  "fieldProperties" : {
    "autoGenerated" : "false"
  }
}, {
  "entityTypeId" : "87543674-fa47-4357-ac38-fad03e06c4f6",
  "id" : "a409ec7e-4185-493d-8347-d68bf5db6a6a",
  "name" : "check_point_seq_num",
  "sourceFieldname" : "check_point_seq_num",
  "description" : "check_point_seq_num",
  "dataType" : "number",
  "hasIndex" : false,
  "unique" : false,
  "primarykey" : false,
  "namefield" : false,
  "nullable" : true,
  "custom" : false,
  "createable" : true,
  "updateable" : true,
  "audit" : false,
  "customizable" : false,
  "fieldLength" : 10,
  "precision" : 0,
  "fieldOrder" : 0,
  "fieldProperties" : {
    "autoGenerated" : "false"
  }
}, {
  "entityTypeId" : "87543674-fa47-4357-ac38-fad03e06c4f6",
  "id" : "3b89257e-0294-4654-bcfb-b29d88cb41b3",
  "name" : "checkin_location_address",
  "sourceFieldname" : "checkin_location_address",
  "description" : "checkin_location_address",
  "dataType" : "string",
  "hasIndex" : false,
  "unique" : false,
  "primarykey" : false,
  "namefield" : false,
  "nullable" : true,
  "custom" : false,
  "createable" : true,
  "updateable" : true,
  "audit" : false,
  "customizable" : false,
  "fieldLength" : 200,
  "precision" : 0,
  "fieldOrder" : 0,
  "fieldProperties" : {
    "autoGenerated" : "false"
  }
}, {
  "entityTypeId" : "87543674-fa47-4357-ac38-fad03e06c4f6",
  "id" : "fa4c1ae6-b170-4d6c-af5e-fb710b01f6b9",
  "name" : "checkin_location_lat",
  "sourceFieldname" : "checkin_location_lat",
  "description" : "checkin_location_lat",
  "dataType" : "string",
  "hasIndex" : false,
  "unique" : false,
  "primarykey" : false,
  "namefield" : false,
  "nullable" : true,
  "custom" : false,
  "createable" : true,
  "updateable" : true,
  "audit" : false,
  "customizable" : false,
  "fieldLength" : 45,
  "precision" : 0,
  "fieldOrder" : 0,
  "fieldProperties" : {
    "autoGenerated" : "false"
  }
}, {
  "entityTypeId" : "87543674-fa47-4357-ac38-fad03e06c4f6",
  "id" : "e7090f86-292c-486f-95c2-b67352364bf1",
  "name" : "checkin_location_lon",
  "sourceFieldname" : "checkin_location_lon",
  "description" : "checkin_location_lon",
  "dataType" : "string",
  "hasIndex" : false,
  "unique" : false,
  "primarykey" : false,
  "namefield" : false,
  "nullable" : true,
  "custom" : false,
  "createable" : true,
  "updateable" : true,
  "audit" : false,
  "customizable" : false,
  "fieldLength" : 45,
  "precision" : 0,
  "fieldOrder" : 0,
  "fieldProperties" : {
    "autoGenerated" : "false"
  }
}, {
  "entityTypeId" : "87543674-fa47-4357-ac38-fad03e06c4f6",
  "id" : "714c8b18-c394-4750-9399-1d2ef5706f71",
  "name" : "checkpoint_reported_by_fk",
  "sourceFieldname" : "checkpoint_reported_by_fk",
  "description" : "checkpoint_reported_by_fk",
  "dataType" : "string",
  "hasIndex" : false,
  "unique" : false,
  "primarykey" : false,
  "namefield" : false,
  "nullable" : true,
  "custom" : false,
  "createable" : true,
  "updateable" : true,
  "audit" : false,
  "customizable" : false,
  "fieldLength" : 10,
  "precision" : 0,
  "fieldOrder" : 0,
  "fieldProperties" : {
    "autoGenerated" : "false"
  }
}, {
  "entityTypeId" : "87543674-fa47-4357-ac38-fad03e06c4f6",
  "id" : "f9dc81db-18ed-4cc1-b270-d2cd69429138",
  "name" : "checkpoint_row_id_pk",
  "sourceFieldname" : "checkpoint_row_id_pk",
  "description" : "checkpoint_row_id_pk",
  "dataType" : "number",
  "hasIndex" : false,
  "unique" : false,
  "primarykey" : true,
  "namefield" : false,
  "nullable" : false,
  "custom" : false,
  "createable" : false,
  "updateable" : false,
  "audit" : false,
  "customizable" : false,
  "fieldLength" : 10,
  "precision" : 0,
  "fieldOrder" : 0,
  "fieldProperties" : {
    "autoGenerated" : "true"
  }
}, {
  "entityTypeId" : "87543674-fa47-4357-ac38-fad03e06c4f6",
  "id" : "b662ea4f-8552-4694-ace7-e2787497a516",
  "name" : "checkpoint_status_id_fk",
  "sourceFieldname" : "checkpoint_status_id_fk",
  "description" : "checkpoint_status_id_fk",
  "dataType" : "number",
  "hasIndex" : false,
  "unique" : false,
  "primarykey" : false,
  "namefield" : false,
  "nullable" : true,
  "custom" : false,
  "createable" : true,
  "updateable" : true,
  "audit" : false,
  "customizable" : false,
  "fieldLength" : 10,
  "precision" : 0,
  "fieldOrder" : 0,
  "fieldProperties" : {
    "autoGenerated" : "false"
  }
}, {
  "entityTypeId" : "87543674-fa47-4357-ac38-fad03e06c4f6",
  "id" : "7c8885b1-0aee-49be-b2cb-f2024d97656a",
  "name" : "createdby",
  "sourceFieldname" : "createdby",
  "description" : "createdby",
  "dataType" : "string",
  "hasIndex" : false,
  "unique" : false,
  "primarykey" : false,
  "namefield" : false,
  "nullable" : true,
  "custom" : false,
  "createable" : true,
  "updateable" : true,
  "audit" : false,
  "customizable" : false,
  "fieldLength" : 50,
  "precision" : 0,
  "fieldOrder" : 0,
  "fieldProperties" : {
    "autoGenerated" : "false"
  }
}, {
  "entityTypeId" : "87543674-fa47-4357-ac38-fad03e06c4f6",
  "id" : "cff22c38-7a76-4f2f-b419-a30dc3ba20bd",
  "name" : "createddatetime",
  "sourceFieldname" : "createddatetime",
  "description" : "createddatetime",
  "dataType" : "date",
  "hasIndex" : false,
  "unique" : false,
  "primarykey" : false,
  "namefield" : false,
  "nullable" : true,
  "custom" : false,
  "createable" : true,
  "updateable" : true,
  "audit" : false,
  "customizable" : false,
  "fieldLength" : 19,
  "precision" : 0,
  "fieldOrder" : 0,
  "fieldProperties" : {
    "autoGenerated" : "false"
  }
}, {
  "entityTypeId" : "87543674-fa47-4357-ac38-fad03e06c4f6",
  "id" : "fda8cabc-9f28-4d84-b74a-035b1069acfd",
  "name" : "expected_checkin_timestamp",
  "sourceFieldname" : "expected_checkin_timestamp",
  "description" : "expected_checkin_timestamp",
  "dataType" : "date",
  "hasIndex" : false,
  "unique" : false,
  "primarykey" : false,
  "namefield" : false,
  "nullable" : true,
  "custom" : false,
  "createable" : true,
  "updateable" : true,
  "audit" : false,
  "customizable" : false,
  "fieldLength" : 19,
  "precision" : 0,
  "fieldOrder" : 0,
  "fieldProperties" : {
    "autoGenerated" : "false"
  }
}, {
  "entityTypeId" : "87543674-fa47-4357-ac38-fad03e06c4f6",
  "id" : "9b265163-4bab-43ac-bde3-a62c4989bf20",
  "name" : "journey_id_fk",
  "sourceFieldname" : "journey_id_fk",
  "description" : "journey_id_fk",
  "dataType" : "number",
  "hasIndex" : false,
  "unique" : false,
  "primarykey" : false,
  "namefield" : false,
  "nullable" : true,
  "custom" : false,
  "createable" : true,
  "updateable" : true,
  "audit" : false,
  "customizable" : false,
  "fieldLength" : 10,
  "precision" : 0,
  "fieldOrder" : 0,
  "fieldProperties" : {
    "autoGenerated" : "false"
  }
}, {
  "entityTypeId" : "87543674-fa47-4357-ac38-fad03e06c4f6",
  "id" : "5299f8b7-6317-4df2-bfdf-af41623af4d3",
  "name" : "lastupdatedby",
  "sourceFieldname" : "lastupdatedby",
  "description" : "lastupdatedby",
  "dataType" : "string",
  "hasIndex" : false,
  "unique" : false,
  "primarykey" : false,
  "namefield" : false,
  "nullable" : true,
  "custom" : false,
  "createable" : true,
  "updateable" : true,
  "audit" : false,
  "customizable" : false,
  "fieldLength" : 50,
  "precision" : 0,
  "fieldOrder" : 0,
  "fieldProperties" : {
    "autoGenerated" : "false"
  }
}, {
  "entityTypeId" : "87543674-fa47-4357-ac38-fad03e06c4f6",
  "id" : "88fe8896-efdd-496a-8894-a74e2c0e44d0",
  "name" : "lastupdateddatetime",
  "sourceFieldname" : "lastupdateddatetime",
  "description" : "lastupdateddatetime",
  "dataType" : "date",
  "hasIndex" : false,
  "unique" : false,
  "primarykey" : false,
  "namefield" : false,
  "nullable" : true,
  "custom" : false,
  "createable" : true,
  "updateable" : true,
  "audit" : false,
  "customizable" : false,
  "fieldLength" : 19,
  "precision" : 0,
  "fieldOrder" : 0,
  "fieldProperties" : {
    "autoGenerated" : "false"
  }
}, {
  "entityTypeId" : "87543674-fa47-4357-ac38-fad03e06c4f6",
  "id" : "01476871-8909-424a-aea8-cb13ee0745a0",
  "name" : "softdeleteflag",
  "sourceFieldname" : "softdeleteflag",
  "description" : "softdeleteflag",
  "dataType" : "boolean",
  "hasIndex" : false,
  "unique" : false,
  "primarykey" : false,
  "namefield" : false,
  "nullable" : true,
  "custom" : false,
  "createable" : true,
  "updateable" : true,
  "audit" : false,
  "customizable" : false,
  "fieldLength" : 0,
  "precision" : 0,
  "fieldOrder" : 0,
  "fieldProperties" : {
    "autoGenerated" : "false"
  }
} ]