[ {
  "sourceObject" : "incident_response_master_tbl",
  "targetObject" : "checkpoints_tbl",
  "relationshipKeys" : [ {
    "sourceField" : "incident_response_id_pk",
    "targetField" : "admin_action_id_for_delay_fk",
    "etag" : "5bbecd0e-742f-4bc0-b269-58158f288e37"
  } ],
  "name" : "incident_response_master_tbl_checkpoints_tbl",
  "type" : "OneToMany",
  "custom" : false,
  "cascadeDelete" : false
}, {
  "sourceObject" : "incident_response_master_tbl",
  "targetObject" : "incident_notification_tbl",
  "relationshipKeys" : [ {
    "sourceField" : "incident_response_id_pk",
    "targetField" : "incident_response_id_fk",
    "etag" : "7273ea22-6a56-4dc6-b9ae-158846ac11d8"
  } ],
  "name" : "incident_response_master_tbl_incident_notification_tbl",
  "type" : "OneToMany",
  "custom" : false,
  "cascadeDelete" : false
} ]