{
  "operationConfig" : {
    "name" : "createjourneyreasonsmastertbl1683",
    "type" : "MappedToBackend",
    "cachable" : false,
    "smsEnabled" : false,
    "security" : "authorized_app_user",
    "responseEncoding" : "UTF-8",
    "httpMethod" : "GET",
    "decodeResponseBody" : false,
    "referencingEndpoint" : "default",
    "inputs" : [ {
      "id" : "journey_reason",
      "scope" : "request",
      "dataType" : "string",
      "encode" : true,
      "passNull" : false
    }, {
      "id" : "createddatetime",
      "scope" : "request",
      "dataType" : "date",
      "encode" : true,
      "passNull" : false
    }, {
      "id" : "lastupdateddatetime",
      "scope" : "request",
      "dataType" : "date",
      "encode" : true,
      "passNull" : false
    }, {
      "id" : "softdeleteflag",
      "scope" : "request",
      "dataType" : "boolean",
      "encode" : true,
      "passNull" : false
    }, {
      "id" : "createdby",
      "scope" : "request",
      "dataType" : "string",
      "encode" : true,
      "passNull" : false
    }, {
      "id" : "lastupdatedby",
      "scope" : "request",
      "dataType" : "string",
      "encode" : true,
      "passNull" : false
    } ],
    "applyCommonMapping" : true,
    "applyRequestCommonMapping" : true,
    "applyResponseCommonMapping" : true,
    "entityMetadata" : "{\"entityAttributeTypeList\":[{\"name\":\"journey_reason_id_pk\",\"jdbcType\":4,\"columnTypeName\":\"INT\",\"columnDecimalDigits\":0,\"autoGenerated\":true,\"creatable\":false,\"updatable\":false,\"primary\":true,\"softDelete\":false,\"lastModified\":false},{\"name\":\"journey_reason\",\"jdbcType\":12,\"columnTypeName\":\"VARCHAR\",\"columnDecimalDigits\":0,\"autoGenerated\":false,\"creatable\":true,\"updatable\":true,\"primary\":false,\"softDelete\":false,\"lastModified\":false},{\"name\":\"createddatetime\",\"jdbcType\":93,\"columnTypeName\":\"TIMESTAMP\",\"columnDecimalDigits\":0,\"autoGenerated\":false,\"creatable\":true,\"updatable\":true,\"primary\":false,\"softDelete\":false,\"lastModified\":false},{\"name\":\"lastupdateddatetime\",\"jdbcType\":93,\"columnTypeName\":\"TIMESTAMP\",\"columnDecimalDigits\":0,\"autoGenerated\":false,\"creatable\":true,\"updatable\":true,\"primary\":false,\"softDelete\":false,\"lastModified\":false},{\"name\":\"softdeleteflag\",\"jdbcType\":-7,\"columnTypeName\":\"BIT\",\"columnDecimalDigits\":0,\"autoGenerated\":false,\"creatable\":true,\"updatable\":true,\"primary\":false,\"softDelete\":true,\"lastModified\":false},{\"name\":\"createdby\",\"jdbcType\":12,\"columnTypeName\":\"VARCHAR\",\"columnDecimalDigits\":0,\"autoGenerated\":false,\"creatable\":true,\"updatable\":true,\"primary\":false,\"softDelete\":false,\"lastModified\":false},{\"name\":\"lastupdatedby\",\"jdbcType\":12,\"columnTypeName\":\"VARCHAR\",\"columnDecimalDigits\":0,\"autoGenerated\":false,\"creatable\":true,\"updatable\":true,\"primary\":false,\"softDelete\":false,\"lastModified\":false}],\"relationshipTypeList\":[{\"targetEntityType\":{\"name\":\"journey_tbl\",\"schemaName\":\"test_rnd\"},\"relationshipAttributeTypeList\":[{\"sourceEntityAttributeType\":{\"name\":\"journey_reason_id_pk\",\"jdbcType\":0,\"columnDecimalDigits\":0,\"autoGenerated\":false,\"creatable\":false,\"updatable\":false,\"primary\":false,\"softDelete\":false,\"lastModified\":false},\"targetEntityAttributeType\":{\"name\":\"journey_reason_id_fk\",\"jdbcType\":0,\"columnDecimalDigits\":0,\"autoGenerated\":false,\"creatable\":false,\"updatable\":false,\"primary\":false,\"softDelete\":false,\"lastModified\":false}}],\"cascadeDelete\":false,\"relationshipType\":\"ONE_TO_MANY\"}],\"name\":\"journey_reasons_master_tbl\",\"schemaName\":\"test_rnd\",\"entityType\":\"com.kony.rdbms.metadata.model.AnnotatedTable\"}",
    "opcode" : "create",
    "backendMeta" : {
      "qualifiedObjectName" : "test_rnd.journey_reasons_master_tbl",
      "backendObjectName" : "journey_reasons_master_tbl"
    },
    "relationshipHierarchyMapping" : {
      "children" : [ {
        "children" : [ {
          "children" : [ ],
          "name" : "checkpoints_tbl",
          "actions" : {
            "create" : true,
            "update" : true
          },
          "selected" : true
        }, {
          "children" : [ ],
          "name" : "incident_notification_tbl",
          "actions" : {
            "create" : true,
            "update" : true
          },
          "selected" : true
        }, {
          "children" : [ ],
          "name" : "journey_notif_map_tbl",
          "actions" : {
            "create" : true,
            "update" : true
          },
          "selected" : true
        }, {
          "children" : [ ],
          "name" : "journey_passengers_tbl",
          "actions" : {
            "create" : true,
            "update" : true
          },
          "selected" : true
        }, {
          "children" : [ ],
          "name" : "journey_signature_tbl",
          "actions" : {
            "create" : true,
            "update" : true
          },
          "selected" : true
        }, {
          "children" : [ ],
          "name" : "journey_tracepoints_tbl",
          "actions" : {
            "create" : true,
            "update" : true
          },
          "selected" : true
        }, {
          "children" : [ ],
          "name" : "user_answers_tbl",
          "actions" : {
            "create" : true,
            "update" : true
          },
          "selected" : true
        } ],
        "name" : "journey_tbl",
        "actions" : {
          "create" : true,
          "update" : true
        },
        "selected" : true
      } ],
      "name" : "journey_reasons_master_tbl",
      "actions" : {
        "create" : true,
        "update" : true
      },
      "selected" : true
    },
    "requestXmlMappingOverride" : false,
    "responseXmlMappingOverride" : false
  }
}