[ {
  "entityTypeId" : "d6b5c1f8-2a6f-4f33-b7f0-819a7b2f6c48",
  "id" : "e436738d-0d6e-4e0a-a847-6e71bff63fcd",
  "name" : "CreatedTimestamp",
  "sourceFieldname" : "CreatedTimestamp",
  "description" : "CreatedTimestamp",
  "dataType" : "date",
  "hasIndex" : false,
  "unique" : false,
  "primarykey" : false,
  "namefield" : false,
  "nullable" : true,
  "custom" : false,
  "createable" : true,
  "updateable" : true,
  "audit" : false,
  "customizable" : false,
  "fieldLength" : 19,
  "precision" : 0,
  "fieldOrder" : 0,
  "fieldProperties" : {
    "autoGenerated" : "false"
  }
}, {
  "entityTypeId" : "d6b5c1f8-2a6f-4f33-b7f0-819a7b2f6c48",
  "id" : "f7fd91fe-325d-400a-a6a4-26fcd087785f",
  "name" : "LastUpdatedTimestamp",
  "sourceFieldname" : "LastUpdatedTimestamp",
  "description" : "LastUpdatedTimestamp",
  "dataType" : "date",
  "hasIndex" : false,
  "unique" : false,
  "primarykey" : false,
  "namefield" : false,
  "nullable" : true,
  "custom" : false,
  "createable" : true,
  "updateable" : true,
  "audit" : false,
  "customizable" : false,
  "fieldLength" : 19,
  "precision" : 0,
  "fieldOrder" : 0,
  "fieldProperties" : {
    "autoGenerated" : "false"
  }
}, {
  "entityTypeId" : "d6b5c1f8-2a6f-4f33-b7f0-819a7b2f6c48",
  "id" : "cd875f45-49ae-4749-89ad-121570fd2e95",
  "name" : "Measurement_Id",
  "sourceFieldname" : "Measurement_Id",
  "description" : "Measurement_Id",
  "dataType" : "number",
  "hasIndex" : false,
  "unique" : false,
  "primarykey" : false,
  "namefield" : false,
  "nullable" : true,
  "custom" : false,
  "createable" : true,
  "updateable" : true,
  "audit" : false,
  "customizable" : false,
  "fieldLength" : 19,
  "precision" : 0,
  "fieldOrder" : 0,
  "fieldProperties" : {
    "autoGenerated" : "false"
  }
}, {
  "entityTypeId" : "d6b5c1f8-2a6f-4f33-b7f0-819a7b2f6c48",
  "id" : "7680257a-e14c-4cf4-ac52-a3ffe9ab54c9",
  "name" : "Measurement_Max_Value",
  "sourceFieldname" : "Measurement_Max_Value",
  "description" : "Measurement_Max_Value",
  "dataType" : "number",
  "hasIndex" : false,
  "unique" : false,
  "primarykey" : false,
  "namefield" : false,
  "nullable" : true,
  "custom" : false,
  "createable" : true,
  "updateable" : true,
  "audit" : false,
  "customizable" : false,
  "fieldLength" : 10,
  "precision" : 0,
  "fieldOrder" : 0,
  "fieldProperties" : {
    "autoGenerated" : "false"
  }
}, {
  "entityTypeId" : "d6b5c1f8-2a6f-4f33-b7f0-819a7b2f6c48",
  "id" : "77268f89-3929-4909-a230-05ac5ac16f10",
  "name" : "Measurement_Min_Value",
  "sourceFieldname" : "Measurement_Min_Value",
  "description" : "Measurement_Min_Value",
  "dataType" : "number",
  "hasIndex" : false,
  "unique" : false,
  "primarykey" : false,
  "namefield" : false,
  "nullable" : true,
  "custom" : false,
  "createable" : true,
  "updateable" : true,
  "audit" : false,
  "customizable" : false,
  "fieldLength" : 10,
  "precision" : 0,
  "fieldOrder" : 0,
  "fieldProperties" : {
    "autoGenerated" : "false"
  }
}, {
  "entityTypeId" : "d6b5c1f8-2a6f-4f33-b7f0-819a7b2f6c48",
  "id" : "327d94d3-93c4-4aa2-8506-4c080e2d58ee",
  "name" : "Measurement_Range_Id",
  "sourceFieldname" : "Measurement_Range_Id",
  "description" : "Measurement_Range_Id",
  "dataType" : "number",
  "hasIndex" : false,
  "unique" : false,
  "primarykey" : true,
  "namefield" : false,
  "nullable" : false,
  "custom" : false,
  "createable" : false,
  "updateable" : false,
  "audit" : false,
  "customizable" : false,
  "fieldLength" : 19,
  "precision" : 0,
  "fieldOrder" : 0,
  "fieldProperties" : {
    "autoGenerated" : "true"
  }
}, {
  "entityTypeId" : "d6b5c1f8-2a6f-4f33-b7f0-819a7b2f6c48",
  "id" : "6b327dff-11b5-4e95-87ce-dd5ae4bdcf96",
  "name" : "Measurement_Valid_Values",
  "sourceFieldname" : "Measurement_Valid_Values",
  "description" : "Measurement_Valid_Values",
  "dataType" : "string",
  "hasIndex" : false,
  "unique" : false,
  "primarykey" : false,
  "namefield" : false,
  "nullable" : true,
  "custom" : false,
  "createable" : true,
  "updateable" : true,
  "audit" : false,
  "customizable" : false,
  "fieldLength" : 100,
  "precision" : 0,
  "fieldOrder" : 0,
  "fieldProperties" : {
    "autoGenerated" : "false"
  }
}, {
  "entityTypeId" : "d6b5c1f8-2a6f-4f33-b7f0-819a7b2f6c48",
  "id" : "c1580763-17db-49b6-91bb-601213514a98",
  "name" : "Response_Type",
  "sourceFieldname" : "Response_Type",
  "description" : "Response_Type",
  "dataType" : "string",
  "hasIndex" : false,
  "unique" : false,
  "primarykey" : false,
  "namefield" : false,
  "nullable" : true,
  "custom" : false,
  "createable" : true,
  "updateable" : true,
  "audit" : false,
  "customizable" : false,
  "fieldLength" : 50,
  "precision" : 0,
  "fieldOrder" : 0,
  "fieldProperties" : {
    "autoGenerated" : "false"
  }
}, {
  "entityTypeId" : "d6b5c1f8-2a6f-4f33-b7f0-819a7b2f6c48",
  "id" : "6ea4425d-50bd-4e05-a91a-b82d69da0468",
  "name" : "SoftDeleteFlag",
  "sourceFieldname" : "SoftDeleteFlag",
  "description" : "SoftDeleteFlag",
  "dataType" : "boolean",
  "hasIndex" : false,
  "unique" : false,
  "primarykey" : false,
  "namefield" : false,
  "nullable" : true,
  "custom" : false,
  "createable" : true,
  "updateable" : true,
  "audit" : false,
  "customizable" : false,
  "fieldLength" : 0,
  "precision" : 0,
  "fieldOrder" : 0,
  "fieldProperties" : {
    "autoGenerated" : "false"
  }
}, {
  "entityTypeId" : "d6b5c1f8-2a6f-4f33-b7f0-819a7b2f6c48",
  "id" : "19ee5aa0-cb2c-4c78-9a9b-4c797548e585",
  "name" : "Timestamp",
  "sourceFieldname" : "Timestamp",
  "description" : "Timestamp",
  "dataType" : "date",
  "hasIndex" : false,
  "unique" : false,
  "primarykey" : false,
  "namefield" : false,
  "nullable" : true,
  "custom" : false,
  "createable" : true,
  "updateable" : true,
  "audit" : false,
  "customizable" : false,
  "fieldLength" : 10,
  "precision" : 0,
  "fieldOrder" : 0,
  "fieldProperties" : {
    "autoGenerated" : "false"
  }
}, {
  "entityTypeId" : "d6b5c1f8-2a6f-4f33-b7f0-819a7b2f6c48",
  "id" : "320e832f-7000-4893-9e03-550d037c3931",
  "name" : "Validate_Min_Max",
  "sourceFieldname" : "Validate_Min_Max",
  "description" : "Validate_Min_Max",
  "dataType" : "boolean",
  "hasIndex" : false,
  "unique" : false,
  "primarykey" : false,
  "namefield" : false,
  "nullable" : true,
  "custom" : false,
  "createable" : true,
  "updateable" : true,
  "audit" : false,
  "customizable" : false,
  "fieldLength" : 0,
  "precision" : 0,
  "fieldOrder" : 0,
  "fieldProperties" : {
    "autoGenerated" : "false"
  }
} ]