{
  "type" : "lob",
  "custom" : false,
  "junction" : false,
  "customizable" : false,
  "verbs" : {
    "get" : "getMapping",
    "create" : "createMapping",
    "update" : "updateMapping",
    "delete" : "deleteMapping"
  },
  "entityProperties" : {
    "BatchMode" : "pagination",
    "SoftDeleteFlagField" : {
      "ActiveValue" : "false",
      "InactiveValue" : "true",
      "Name" : "SoftDeleteFlag"
    },
    "backendMeta" : {
      "backendObjectName" : "measurement_range",
      "qualifiedName" : "inspectionsoffline.measurement_range",
      "metadataformatterobject" : "{\"name\":\"measurement_range\",\"displayName\":\"measurement_range\",\"qualifiedName\":\"inspectionsoffline.measurement_range\",\"schemaName\":\"inspectionsoffline\",\"tableName\":\"measurement_range\",\"entityType\":\"com.kony.rdbms.metadata.model.AnnotatedTable\"}"
    },
    "designTimeBackendMeta" : {
      "backendObjectName" : "measurement_range",
      "qualifiedName" : "inspectionsoffline.measurement_range",
      "metadataformatterobject" : "{\"name\":\"measurement_range\",\"displayName\":\"measurement_range\",\"qualifiedName\":\"inspectionsoffline.measurement_range\",\"schemaName\":\"inspectionsoffline\",\"tableName\":\"measurement_range\",\"entityType\":\"com.kony.rdbms.metadata.model.AnnotatedTable\"}"
    }
  },
  "commonMappings" : [ {
    "sourceFieldName" : "Measurement_Valid_Values",
    "targetField" : "Measurement_Valid_Values",
    "type" : "request_response"
  }, {
    "sourceFieldName" : "Validate_Min_Max",
    "targetField" : "Validate_Min_Max",
    "type" : "request_response"
  }, {
    "sourceFieldName" : "CreatedTimestamp",
    "targetField" : "CreatedTimestamp",
    "type" : "request_response"
  }, {
    "sourceFieldName" : "Measurement_Id",
    "targetField" : "Measurement_Id",
    "type" : "request_response"
  }, {
    "sourceFieldName" : "Measurement_Min_Value",
    "targetField" : "Measurement_Min_Value",
    "type" : "request_response"
  }, {
    "sourceFieldName" : "LastUpdatedTimestamp",
    "targetField" : "LastUpdatedTimestamp",
    "type" : "request_response"
  }, {
    "sourceFieldName" : "Measurement_Max_Value",
    "targetField" : "Measurement_Max_Value",
    "type" : "request_response"
  }, {
    "sourceFieldName" : "Measurement_Range_Id",
    "targetField" : "Measurement_Range_Id",
    "type" : "request_response"
  }, {
    "sourceFieldName" : "Response_Type",
    "targetField" : "Response_Type",
    "type" : "request_response"
  }, {
    "sourceFieldName" : "SoftDeleteFlag",
    "targetField" : "SoftDeleteFlag",
    "type" : "request_response"
  }, {
    "sourceFieldName" : "Timestamp",
    "targetField" : "Timestamp",
    "type" : "request_response"
  } ]
}