[ {
  "sourceObject" : "language_master_tbl",
  "targetObject" : "guides_manuals_tbl",
  "relationshipKeys" : [ {
    "sourceField" : "language_id_pk",
    "targetField" : "language_id_fk",
    "etag" : "57e5b773-642b-421d-ba04-aa1867243ae8"
  } ],
  "name" : "language_master_tbl_guides_manuals_tbl",
  "type" : "OneToMany",
  "custom" : false,
  "cascadeDelete" : false
}, {
  "sourceObject" : "language_master_tbl",
  "targetObject" : "question_localisation_mapping_tbl",
  "relationshipKeys" : [ {
    "sourceField" : "language_id_pk",
    "targetField" : "language_id_fk",
    "etag" : "4abb3a5a-7504-47a2-a1fa-cbe5cf432a15"
  } ],
  "name" : "language_master_tbl_question_localisation_mapping_tbl",
  "type" : "OneToMany",
  "custom" : false,
  "cascadeDelete" : false
} ]