[ {
  "entityTypeId" : "40e07d60-cb64-4863-903d-e434af1d0698",
  "id" : "7711f0ec-9e70-4b35-a323-517886525df0",
  "name" : "Asset_Id",
  "sourceFieldname" : "Asset_Id",
  "description" : "Asset_Id",
  "dataType" : "number",
  "hasIndex" : false,
  "unique" : false,
  "primarykey" : false,
  "namefield" : false,
  "nullable" : true,
  "custom" : false,
  "createable" : true,
  "updateable" : true,
  "audit" : false,
  "customizable" : false,
  "fieldLength" : 19,
  "precision" : 0,
  "fieldOrder" : 0,
  "fieldProperties" : {
    "autoGenerated" : "false"
  }
}, {
  "entityTypeId" : "40e07d60-cb64-4863-903d-e434af1d0698",
  "id" : "7d8e9977-42c1-418f-af3c-af3696e63f93",
  "name" : "Assigned_Timestamp",
  "sourceFieldname" : "Assigned_Timestamp",
  "description" : "Assigned_Timestamp",
  "dataType" : "date",
  "hasIndex" : false,
  "unique" : false,
  "primarykey" : false,
  "namefield" : false,
  "nullable" : true,
  "custom" : false,
  "createable" : true,
  "updateable" : true,
  "audit" : false,
  "customizable" : false,
  "fieldLength" : 19,
  "precision" : 0,
  "fieldOrder" : 0,
  "fieldProperties" : {
    "autoGenerated" : "false"
  }
}, {
  "entityTypeId" : "40e07d60-cb64-4863-903d-e434af1d0698",
  "id" : "1ab64269-b3f3-4505-895f-e682936ec1e8",
  "name" : "Assigned_To",
  "sourceFieldname" : "Assigned_To",
  "description" : "Assigned_To",
  "dataType" : "string",
  "hasIndex" : false,
  "unique" : false,
  "primarykey" : false,
  "namefield" : false,
  "nullable" : true,
  "custom" : false,
  "createable" : true,
  "updateable" : true,
  "audit" : false,
  "customizable" : false,
  "fieldLength" : 45,
  "precision" : 0,
  "fieldOrder" : 0,
  "fieldProperties" : {
    "autoGenerated" : "false"
  }
}, {
  "entityTypeId" : "40e07d60-cb64-4863-903d-e434af1d0698",
  "id" : "b38f5b0c-5e7d-47a3-967d-946c599aef86",
  "name" : "CreatedTimestamp",
  "sourceFieldname" : "CreatedTimestamp",
  "description" : "CreatedTimestamp",
  "dataType" : "date",
  "hasIndex" : false,
  "unique" : false,
  "primarykey" : false,
  "namefield" : false,
  "nullable" : true,
  "custom" : false,
  "createable" : true,
  "updateable" : true,
  "audit" : false,
  "customizable" : false,
  "fieldLength" : 19,
  "precision" : 0,
  "fieldOrder" : 0,
  "fieldProperties" : {
    "autoGenerated" : "false"
  }
}, {
  "entityTypeId" : "40e07d60-cb64-4863-903d-e434af1d0698",
  "id" : "11486673-baf4-4ee2-b6ee-0f7dd510fcd0",
  "name" : "id",
  "sourceFieldname" : "id",
  "description" : "id",
  "dataType" : "number",
  "hasIndex" : false,
  "unique" : false,
  "primarykey" : false,
  "namefield" : false,
  "nullable" : true,
  "custom" : false,
  "createable" : true,
  "updateable" : true,
  "audit" : false,
  "customizable" : false,
  "fieldLength" : 10,
  "precision" : 0,
  "fieldOrder" : 0,
  "fieldProperties" : {
    "autoGenerated" : "false"
  }
}, {
  "entityTypeId" : "40e07d60-cb64-4863-903d-e434af1d0698",
  "id" : "9f18990c-e0b2-4a42-a823-c5e015367063",
  "name" : "InspectedBy",
  "sourceFieldname" : "InspectedBy",
  "description" : "InspectedBy",
  "dataType" : "string",
  "hasIndex" : false,
  "unique" : false,
  "primarykey" : false,
  "namefield" : false,
  "nullable" : true,
  "custom" : false,
  "createable" : true,
  "updateable" : true,
  "audit" : false,
  "customizable" : false,
  "fieldLength" : 45,
  "precision" : 0,
  "fieldOrder" : 0,
  "fieldProperties" : {
    "autoGenerated" : "false"
  }
}, {
  "entityTypeId" : "40e07d60-cb64-4863-903d-e434af1d0698",
  "id" : "915b82ec-20c1-4c23-a384-f4e7ba8ae269",
  "name" : "Inspection_Id",
  "sourceFieldname" : "Inspection_Id",
  "description" : "Inspection_Id",
  "dataType" : "number",
  "hasIndex" : false,
  "unique" : false,
  "primarykey" : true,
  "namefield" : false,
  "nullable" : false,
  "custom" : false,
  "createable" : false,
  "updateable" : false,
  "audit" : false,
  "customizable" : false,
  "fieldLength" : 19,
  "precision" : 0,
  "fieldOrder" : 0,
  "fieldProperties" : {
    "autoGenerated" : "true"
  }
}, {
  "entityTypeId" : "40e07d60-cb64-4863-903d-e434af1d0698",
  "id" : "4246bae7-27d4-45d5-a03c-841a84d34478",
  "name" : "Inspection_Images_Id",
  "sourceFieldname" : "Inspection_Images_Id",
  "description" : "Inspection_Images_Id",
  "dataType" : "string",
  "hasIndex" : false,
  "unique" : false,
  "primarykey" : false,
  "namefield" : false,
  "nullable" : true,
  "custom" : false,
  "createable" : true,
  "updateable" : true,
  "audit" : false,
  "customizable" : false,
  "fieldLength" : 50,
  "precision" : 0,
  "fieldOrder" : 0,
  "fieldProperties" : {
    "autoGenerated" : "false"
  }
}, {
  "entityTypeId" : "40e07d60-cb64-4863-903d-e434af1d0698",
  "id" : "3b4d3e82-dcf6-473a-902c-60ca07fdc3cf",
  "name" : "LastUpdatedTimestamp",
  "sourceFieldname" : "LastUpdatedTimestamp",
  "description" : "LastUpdatedTimestamp",
  "dataType" : "date",
  "hasIndex" : false,
  "unique" : false,
  "primarykey" : false,
  "namefield" : false,
  "nullable" : true,
  "custom" : false,
  "createable" : true,
  "updateable" : true,
  "audit" : false,
  "customizable" : false,
  "fieldLength" : 19,
  "precision" : 0,
  "fieldOrder" : 0,
  "fieldProperties" : {
    "autoGenerated" : "false"
  }
}, {
  "entityTypeId" : "40e07d60-cb64-4863-903d-e434af1d0698",
  "id" : "754c25b9-46c1-4899-98b3-65a6e8e8294d",
  "name" : "Signature",
  "sourceFieldname" : "Signature",
  "description" : "Signature",
  "dataType" : "string",
  "hasIndex" : false,
  "unique" : false,
  "primarykey" : false,
  "namefield" : false,
  "nullable" : true,
  "custom" : false,
  "createable" : true,
  "updateable" : true,
  "audit" : false,
  "customizable" : false,
  "fieldLength" : 2147483647,
  "precision" : 0,
  "fieldOrder" : 0,
  "fieldProperties" : {
    "autoGenerated" : "false"
  }
}, {
  "entityTypeId" : "40e07d60-cb64-4863-903d-e434af1d0698",
  "id" : "a31ab5b4-9963-4f56-968d-6be5405c8ffb",
  "name" : "SoftDeleteFlag",
  "sourceFieldname" : "SoftDeleteFlag",
  "description" : "SoftDeleteFlag",
  "dataType" : "boolean",
  "hasIndex" : false,
  "unique" : false,
  "primarykey" : false,
  "namefield" : false,
  "nullable" : true,
  "custom" : false,
  "createable" : true,
  "updateable" : true,
  "audit" : false,
  "customizable" : false,
  "fieldLength" : 0,
  "precision" : 0,
  "fieldOrder" : 0,
  "fieldProperties" : {
    "autoGenerated" : "false"
  }
}, {
  "entityTypeId" : "40e07d60-cb64-4863-903d-e434af1d0698",
  "id" : "e9f0c9b9-baea-4889-8bce-8a4c188861b5",
  "name" : "Status",
  "sourceFieldname" : "Status",
  "description" : "Status",
  "dataType" : "string",
  "hasIndex" : false,
  "unique" : false,
  "primarykey" : false,
  "namefield" : false,
  "nullable" : true,
  "custom" : false,
  "createable" : true,
  "updateable" : true,
  "audit" : false,
  "customizable" : false,
  "fieldLength" : 45,
  "precision" : 0,
  "fieldOrder" : 0,
  "fieldProperties" : {
    "autoGenerated" : "false"
  }
} ]