[ {
  "sourceObject" : "inspection",
  "targetObject" : "Inspection_Date_Time_Sheet",
  "relationshipKeys" : [ {
    "sourceField" : "Inspection_Id",
    "targetField" : "Inspection_Id",
    "etag" : "44fddba6-38cf-4d9c-9fc7-af494e429908"
  } ],
  "name" : "inspection_Inspection_Date_Time_Sheet",
  "type" : "OneToMany",
  "custom" : false,
  "cascadeDelete" : false
}, {
  "sourceObject" : "inspection",
  "targetObject" : "inspection_measurement",
  "relationshipKeys" : [ {
    "sourceField" : "Inspection_Id",
    "targetField" : "Inspection_Id",
    "etag" : "f6406379-1099-4d40-b858-166338fb4598"
  } ],
  "name" : "inspection_inspection_measurement",
  "type" : "OneToMany",
  "custom" : false,
  "cascadeDelete" : false
}, {
  "sourceObject" : "inspection",
  "targetObject" : "measurement_hstry",
  "relationshipKeys" : [ {
    "sourceField" : "Inspection_Id",
    "targetField" : "Inspection_Id",
    "etag" : "b5076837-81c7-4e84-b9da-ad4650e8be5c"
  } ],
  "name" : "inspection_measurement_hstry",
  "type" : "OneToMany",
  "custom" : false,
  "cascadeDelete" : false
} ]