{
  "operationConfig" : {
    "name" : "deleteadgroupmastertbl6276",
    "type" : "MappedToBackend",
    "cachable" : false,
    "smsEnabled" : false,
    "security" : "authorized_app_user",
    "responseEncoding" : "UTF-8",
    "httpMethod" : "GET",
    "decodeResponseBody" : false,
    "referencingEndpoint" : "default",
    "inputs" : [ {
      "id" : "group_id_pk",
      "scope" : "request",
      "dataType" : "number",
      "encode" : true,
      "passNull" : false
    } ],
    "applyCommonMapping" : true,
    "applyRequestCommonMapping" : true,
    "applyResponseCommonMapping" : true,
    "entityMetadata" : "{\"entityAttributeTypeList\":[{\"name\":\"group_id_pk\",\"jdbcType\":4,\"columnTypeName\":\"INT\",\"columnDecimalDigits\":0,\"autoGenerated\":true,\"creatable\":false,\"updatable\":false,\"primary\":true,\"softDelete\":false,\"lastModified\":false},{\"name\":\"group_name\",\"jdbcType\":12,\"columnTypeName\":\"VARCHAR\",\"columnDecimalDigits\":0,\"autoGenerated\":false,\"creatable\":true,\"updatable\":true,\"primary\":false,\"softDelete\":false,\"lastModified\":false},{\"name\":\"admin_flag\",\"jdbcType\":-6,\"columnTypeName\":\"TINYINT\",\"columnDecimalDigits\":0,\"autoGenerated\":false,\"creatable\":true,\"updatable\":true,\"primary\":false,\"softDelete\":false,\"lastModified\":false},{\"name\":\"createddatetime\",\"jdbcType\":93,\"columnTypeName\":\"TIMESTAMP\",\"columnDecimalDigits\":0,\"autoGenerated\":false,\"creatable\":true,\"updatable\":true,\"primary\":false,\"softDelete\":false,\"lastModified\":false},{\"name\":\"lastupdateddatetime\",\"jdbcType\":93,\"columnTypeName\":\"TIMESTAMP\",\"columnDecimalDigits\":0,\"autoGenerated\":false,\"creatable\":true,\"updatable\":true,\"primary\":false,\"softDelete\":false,\"lastModified\":false},{\"name\":\"softdeleteflag\",\"jdbcType\":-6,\"columnTypeName\":\"TINYINT\",\"columnDecimalDigits\":0,\"autoGenerated\":false,\"creatable\":true,\"updatable\":true,\"primary\":false,\"softDelete\":true,\"lastModified\":false},{\"name\":\"createdby\",\"jdbcType\":12,\"columnTypeName\":\"VARCHAR\",\"columnDecimalDigits\":0,\"autoGenerated\":false,\"creatable\":true,\"updatable\":true,\"primary\":false,\"softDelete\":false,\"lastModified\":false},{\"name\":\"lastupdatedby\",\"jdbcType\":12,\"columnTypeName\":\"VARCHAR\",\"columnDecimalDigits\":0,\"autoGenerated\":false,\"creatable\":true,\"updatable\":true,\"primary\":false,\"softDelete\":false,\"lastModified\":false}],\"relationshipTypeList\":[{\"targetEntityType\":{\"name\":\"user_tbl\",\"schemaName\":\"journey_dev\"},\"relationshipAttributeTypeList\":[{\"sourceEntityAttributeType\":{\"name\":\"group_id_pk\",\"jdbcType\":0,\"columnDecimalDigits\":0,\"autoGenerated\":false,\"creatable\":false,\"updatable\":false,\"primary\":false,\"softDelete\":false,\"lastModified\":false},\"targetEntityAttributeType\":{\"name\":\"group_id_fk\",\"jdbcType\":0,\"columnDecimalDigits\":0,\"autoGenerated\":false,\"creatable\":false,\"updatable\":false,\"primary\":false,\"softDelete\":false,\"lastModified\":false}}],\"cascadeDelete\":false,\"relationshipType\":\"ONE_TO_MANY\"}],\"name\":\"ad_group_master_tbl\",\"schemaName\":\"journey_dev\",\"entityType\":\"com.kony.rdbms.metadata.model.AnnotatedTable\"}",
    "opcode" : "delete",
    "backendMeta" : {
      "qualifiedObjectName" : "journey_dev.ad_group_master_tbl",
      "backendObjectName" : "ad_group_master_tbl"
    },
    "relationshipHierarchyMapping" : {
      "children" : [ {
        "children" : [ {
          "children" : [ ],
          "name" : "checkpoints_tbl",
          "actions" : {
            "delete" : true
          },
          "selected" : false
        }, {
          "children" : [ ],
          "name" : "incident_notification_tbl",
          "actions" : {
            "delete" : true
          },
          "selected" : false
        }, {
          "children" : [ {
            "children" : [ ],
            "name" : "checkpoints_tbl",
            "actions" : {
              "delete" : true
            },
            "selected" : false
          }, {
            "children" : [ ],
            "name" : "incident_notification_tbl",
            "actions" : {
              "delete" : true
            },
            "selected" : false
          }, {
            "children" : [ ],
            "name" : "journey_notif_map_tbl",
            "actions" : {
              "delete" : true
            },
            "selected" : false
          }, {
            "children" : [ ],
            "name" : "journey_passengers_tbl",
            "actions" : {
              "delete" : true
            },
            "selected" : false
          }, {
            "children" : [ ],
            "name" : "journey_signature_tbl",
            "actions" : {
              "delete" : true
            },
            "selected" : false
          }, {
            "children" : [ ],
            "name" : "user_answers_tbl",
            "actions" : {
              "delete" : true
            },
            "selected" : false
          } ],
          "name" : "journey_tbl",
          "actions" : {
            "delete" : true
          },
          "selected" : false
        }, {
          "children" : [ {
            "children" : [ ],
            "name" : "journey_notif_map_tbl",
            "actions" : {
              "delete" : true
            },
            "selected" : false
          } ],
          "name" : "notifications_tbl",
          "actions" : {
            "delete" : true
          },
          "selected" : false
        }, {
          "children" : [ {
            "children" : [ {
              "children" : [ ],
              "name" : "checkpoints_tbl",
              "actions" : {
                "delete" : true
              },
              "selected" : false
            }, {
              "children" : [ ],
              "name" : "incident_notification_tbl",
              "actions" : {
                "delete" : true
              },
              "selected" : false
            }, {
              "children" : [ ],
              "name" : "journey_notif_map_tbl",
              "actions" : {
                "delete" : true
              },
              "selected" : false
            }, {
              "children" : [ ],
              "name" : "journey_passengers_tbl",
              "actions" : {
                "delete" : true
              },
              "selected" : false
            }, {
              "children" : [ ],
              "name" : "journey_signature_tbl",
              "actions" : {
                "delete" : true
              },
              "selected" : false
            }, {
              "children" : [ ],
              "name" : "user_answers_tbl",
              "actions" : {
                "delete" : true
              },
              "selected" : false
            } ],
            "name" : "journey_tbl",
            "actions" : {
              "delete" : true
            },
            "selected" : false
          }, {
            "children" : [ ],
            "name" : "vehicle_images_tbl",
            "actions" : {
              "delete" : true
            },
            "selected" : false
          } ],
          "name" : "vehicle_tbl",
          "actions" : {
            "delete" : true
          },
          "selected" : false
        } ],
        "name" : "user_tbl",
        "actions" : {
          "delete" : true
        },
        "selected" : false
      } ],
      "name" : "ad_group_master_tbl",
      "actions" : {
        "delete" : true
      },
      "selected" : true
    },
    "requestXmlMappingOverride" : false,
    "responseXmlMappingOverride" : false
  }
}