[ {
  "entityTypeId" : "5f14ecb9-01ec-430a-a364-6b5254ea82c7",
  "id" : "5c4d8484-c1f5-4a2d-9d52-83e6679cbe98",
  "name" : "checkin_interval_row_id_fk",
  "sourceFieldname" : "checkin_interval_row_id_fk",
  "description" : "checkin_interval_row_id_fk",
  "dataType" : "number",
  "hasIndex" : false,
  "unique" : false,
  "primarykey" : false,
  "namefield" : false,
  "nullable" : true,
  "custom" : false,
  "createable" : true,
  "updateable" : true,
  "audit" : false,
  "customizable" : false,
  "fieldLength" : 10,
  "precision" : 0,
  "fieldOrder" : 0,
  "fieldProperties" : {
    "autoGenerated" : "false"
  }
}, {
  "entityTypeId" : "5f14ecb9-01ec-430a-a364-6b5254ea82c7",
  "id" : "a2039f44-ef33-43b5-b257-9c4cde79da15",
  "name" : "checkin_type_id_fk",
  "sourceFieldname" : "checkin_type_id_fk",
  "description" : "checkin_type_id_fk",
  "dataType" : "number",
  "hasIndex" : false,
  "unique" : false,
  "primarykey" : false,
  "namefield" : false,
  "nullable" : true,
  "custom" : false,
  "createable" : true,
  "updateable" : true,
  "audit" : false,
  "customizable" : false,
  "fieldLength" : 10,
  "precision" : 0,
  "fieldOrder" : 0,
  "fieldProperties" : {
    "autoGenerated" : "false"
  }
}, {
  "entityTypeId" : "5f14ecb9-01ec-430a-a364-6b5254ea82c7",
  "id" : "376a16f5-5ea8-4674-878a-7da41ecb09e0",
  "name" : "createdby",
  "sourceFieldname" : "createdby",
  "description" : "createdby",
  "dataType" : "string",
  "hasIndex" : false,
  "unique" : false,
  "primarykey" : false,
  "namefield" : false,
  "nullable" : true,
  "custom" : false,
  "createable" : true,
  "updateable" : true,
  "audit" : false,
  "customizable" : false,
  "fieldLength" : 50,
  "precision" : 0,
  "fieldOrder" : 0,
  "fieldProperties" : {
    "autoGenerated" : "false"
  }
}, {
  "entityTypeId" : "5f14ecb9-01ec-430a-a364-6b5254ea82c7",
  "id" : "55c96d12-6060-4d9c-a604-d3ad61daa9b7",
  "name" : "createddatetime",
  "sourceFieldname" : "createddatetime",
  "description" : "createddatetime",
  "dataType" : "date",
  "hasIndex" : false,
  "unique" : false,
  "primarykey" : false,
  "namefield" : false,
  "nullable" : true,
  "custom" : false,
  "createable" : true,
  "updateable" : true,
  "audit" : false,
  "customizable" : false,
  "fieldLength" : 19,
  "precision" : 0,
  "fieldOrder" : 0,
  "fieldProperties" : {
    "autoGenerated" : "false"
  }
}, {
  "entityTypeId" : "5f14ecb9-01ec-430a-a364-6b5254ea82c7",
  "id" : "8ad7e8c2-0626-442c-8f64-b18d697db401",
  "name" : "journey_actual_arrival_datetime",
  "sourceFieldname" : "journey_actual_arrival_datetime",
  "description" : "journey_actual_arrival_datetime",
  "dataType" : "date",
  "hasIndex" : false,
  "unique" : false,
  "primarykey" : false,
  "namefield" : false,
  "nullable" : true,
  "custom" : false,
  "createable" : true,
  "updateable" : true,
  "audit" : false,
  "customizable" : false,
  "fieldLength" : 19,
  "precision" : 0,
  "fieldOrder" : 0,
  "fieldProperties" : {
    "autoGenerated" : "false"
  }
}, {
  "entityTypeId" : "5f14ecb9-01ec-430a-a364-6b5254ea82c7",
  "id" : "721dca6a-67f7-4e58-af54-0b9a365af0ad",
  "name" : "journey_actual_departure_datetime",
  "sourceFieldname" : "journey_actual_departure_datetime",
  "description" : "journey_actual_departure_datetime",
  "dataType" : "date",
  "hasIndex" : false,
  "unique" : false,
  "primarykey" : false,
  "namefield" : false,
  "nullable" : true,
  "custom" : false,
  "createable" : true,
  "updateable" : true,
  "audit" : false,
  "customizable" : false,
  "fieldLength" : 19,
  "precision" : 0,
  "fieldOrder" : 0,
  "fieldProperties" : {
    "autoGenerated" : "false"
  }
}, {
  "entityTypeId" : "5f14ecb9-01ec-430a-a364-6b5254ea82c7",
  "id" : "abf84d60-83ee-46e7-8c4f-0a168d597ee2",
  "name" : "journey_arrivalpoint",
  "sourceFieldname" : "journey_arrivalpoint",
  "description" : "journey_arrivalpoint",
  "dataType" : "string",
  "hasIndex" : false,
  "unique" : false,
  "primarykey" : false,
  "namefield" : false,
  "nullable" : true,
  "custom" : false,
  "createable" : true,
  "updateable" : true,
  "audit" : false,
  "customizable" : false,
  "fieldLength" : 100,
  "precision" : 0,
  "fieldOrder" : 0,
  "fieldProperties" : {
    "autoGenerated" : "false"
  }
}, {
  "entityTypeId" : "5f14ecb9-01ec-430a-a364-6b5254ea82c7",
  "id" : "8982a002-7c94-48e5-a3d4-1458f034e47a",
  "name" : "journey_arrivalpoint_lat",
  "sourceFieldname" : "journey_arrivalpoint_lat",
  "description" : "journey_arrivalpoint_lat",
  "dataType" : "string",
  "hasIndex" : false,
  "unique" : false,
  "primarykey" : false,
  "namefield" : false,
  "nullable" : true,
  "custom" : false,
  "createable" : true,
  "updateable" : true,
  "audit" : false,
  "customizable" : false,
  "fieldLength" : 45,
  "precision" : 0,
  "fieldOrder" : 0,
  "fieldProperties" : {
    "autoGenerated" : "false"
  }
}, {
  "entityTypeId" : "5f14ecb9-01ec-430a-a364-6b5254ea82c7",
  "id" : "4a363216-15d9-455e-b746-28f2b0206816",
  "name" : "journey_arrivalpoint_lon",
  "sourceFieldname" : "journey_arrivalpoint_lon",
  "description" : "journey_arrivalpoint_lon",
  "dataType" : "string",
  "hasIndex" : false,
  "unique" : false,
  "primarykey" : false,
  "namefield" : false,
  "nullable" : true,
  "custom" : false,
  "createable" : true,
  "updateable" : true,
  "audit" : false,
  "customizable" : false,
  "fieldLength" : 45,
  "precision" : 0,
  "fieldOrder" : 0,
  "fieldProperties" : {
    "autoGenerated" : "false"
  }
}, {
  "entityTypeId" : "5f14ecb9-01ec-430a-a364-6b5254ea82c7",
  "id" : "d571a980-93cd-442a-83ba-57e0b8b4e536",
  "name" : "journey_created_by_fk",
  "sourceFieldname" : "journey_created_by_fk",
  "description" : "journey_created_by_fk",
  "dataType" : "string",
  "hasIndex" : false,
  "unique" : false,
  "primarykey" : false,
  "namefield" : false,
  "nullable" : true,
  "custom" : false,
  "createable" : true,
  "updateable" : true,
  "audit" : false,
  "customizable" : false,
  "fieldLength" : 10,
  "precision" : 0,
  "fieldOrder" : 0,
  "fieldProperties" : {
    "autoGenerated" : "false"
  }
}, {
  "entityTypeId" : "5f14ecb9-01ec-430a-a364-6b5254ea82c7",
  "id" : "379241d9-b434-49a6-b820-1e075a410749",
  "name" : "journey_departure_point",
  "sourceFieldname" : "journey_departure_point",
  "description" : "journey_departure_point",
  "dataType" : "string",
  "hasIndex" : false,
  "unique" : false,
  "primarykey" : false,
  "namefield" : false,
  "nullable" : true,
  "custom" : false,
  "createable" : true,
  "updateable" : true,
  "audit" : false,
  "customizable" : false,
  "fieldLength" : 100,
  "precision" : 0,
  "fieldOrder" : 0,
  "fieldProperties" : {
    "autoGenerated" : "false"
  }
}, {
  "entityTypeId" : "5f14ecb9-01ec-430a-a364-6b5254ea82c7",
  "id" : "7f733769-63b9-440f-89ad-2b4597546812",
  "name" : "journey_departurepoint_lat",
  "sourceFieldname" : "journey_departurepoint_lat",
  "description" : "journey_departurepoint_lat",
  "dataType" : "string",
  "hasIndex" : false,
  "unique" : false,
  "primarykey" : false,
  "namefield" : false,
  "nullable" : true,
  "custom" : false,
  "createable" : true,
  "updateable" : true,
  "audit" : false,
  "customizable" : false,
  "fieldLength" : 45,
  "precision" : 0,
  "fieldOrder" : 0,
  "fieldProperties" : {
    "autoGenerated" : "false"
  }
}, {
  "entityTypeId" : "5f14ecb9-01ec-430a-a364-6b5254ea82c7",
  "id" : "cfcffae7-55e9-4623-b1f5-84b27c090332",
  "name" : "journey_departurepoint_lon",
  "sourceFieldname" : "journey_departurepoint_lon",
  "description" : "journey_departurepoint_lon",
  "dataType" : "string",
  "hasIndex" : false,
  "unique" : false,
  "primarykey" : false,
  "namefield" : false,
  "nullable" : true,
  "custom" : false,
  "createable" : true,
  "updateable" : true,
  "audit" : false,
  "customizable" : false,
  "fieldLength" : 45,
  "precision" : 0,
  "fieldOrder" : 0,
  "fieldProperties" : {
    "autoGenerated" : "false"
  }
}, {
  "entityTypeId" : "5f14ecb9-01ec-430a-a364-6b5254ea82c7",
  "id" : "226462f9-b87f-4a75-a228-b6006ee62657",
  "name" : "journey_expected_arrival_datetime",
  "sourceFieldname" : "journey_expected_arrival_datetime",
  "description" : "journey_expected_arrival_datetime",
  "dataType" : "date",
  "hasIndex" : false,
  "unique" : false,
  "primarykey" : false,
  "namefield" : false,
  "nullable" : true,
  "custom" : false,
  "createable" : true,
  "updateable" : true,
  "audit" : false,
  "customizable" : false,
  "fieldLength" : 19,
  "precision" : 0,
  "fieldOrder" : 0,
  "fieldProperties" : {
    "autoGenerated" : "false"
  }
}, {
  "entityTypeId" : "5f14ecb9-01ec-430a-a364-6b5254ea82c7",
  "id" : "041afd15-f143-4766-94b7-88a801f0b527",
  "name" : "journey_expected_departure_datetime",
  "sourceFieldname" : "journey_expected_departure_datetime",
  "description" : "journey_expected_departure_datetime",
  "dataType" : "date",
  "hasIndex" : false,
  "unique" : false,
  "primarykey" : false,
  "namefield" : false,
  "nullable" : true,
  "custom" : false,
  "createable" : true,
  "updateable" : true,
  "audit" : false,
  "customizable" : false,
  "fieldLength" : 19,
  "precision" : 0,
  "fieldOrder" : 0,
  "fieldProperties" : {
    "autoGenerated" : "false"
  }
}, {
  "entityTypeId" : "5f14ecb9-01ec-430a-a364-6b5254ea82c7",
  "id" : "43d83262-2e1c-4668-8bf6-03a60300143d",
  "name" : "journey_id_pk",
  "sourceFieldname" : "journey_id_pk",
  "description" : "journey_id_pk",
  "dataType" : "string",
  "hasIndex" : false,
  "unique" : false,
  "primarykey" : true,
  "namefield" : false,
  "nullable" : false,
  "custom" : false,
  "createable" : true,
  "updateable" : false,
  "audit" : false,
  "customizable" : false,
  "fieldLength" : 10,
  "precision" : 0,
  "fieldOrder" : 0,
  "fieldProperties" : {
    "autoGenerated" : "false"
  }
}, {
  "entityTypeId" : "5f14ecb9-01ec-430a-a364-6b5254ea82c7",
  "id" : "f8bedbb7-cb00-4f22-81ed-49a0bc863ea9",
  "name" : "journey_is_checkpoint_enabled",
  "sourceFieldname" : "journey_is_checkpoint_enabled",
  "description" : "journey_is_checkpoint_enabled",
  "dataType" : "number",
  "hasIndex" : false,
  "unique" : false,
  "primarykey" : false,
  "namefield" : false,
  "nullable" : true,
  "custom" : false,
  "createable" : true,
  "updateable" : true,
  "audit" : false,
  "customizable" : false,
  "fieldLength" : 3,
  "precision" : 0,
  "fieldOrder" : 0,
  "fieldProperties" : {
    "autoGenerated" : "false"
  }
}, {
  "entityTypeId" : "5f14ecb9-01ec-430a-a364-6b5254ea82c7",
  "id" : "cc8d860d-29bb-4df0-a262-3724b3fa8d5e",
  "name" : "journey_last_updated_by",
  "sourceFieldname" : "journey_last_updated_by",
  "description" : "journey_last_updated_by",
  "dataType" : "string",
  "hasIndex" : false,
  "unique" : false,
  "primarykey" : false,
  "namefield" : false,
  "nullable" : true,
  "custom" : false,
  "createable" : true,
  "updateable" : true,
  "audit" : false,
  "customizable" : false,
  "fieldLength" : 10,
  "precision" : 0,
  "fieldOrder" : 0,
  "fieldProperties" : {
    "autoGenerated" : "false"
  }
}, {
  "entityTypeId" : "5f14ecb9-01ec-430a-a364-6b5254ea82c7",
  "id" : "2f540098-5ea4-4c45-855c-75e723458899",
  "name" : "journey_onward_journey_id",
  "sourceFieldname" : "journey_onward_journey_id",
  "description" : "journey_onward_journey_id",
  "dataType" : "string",
  "hasIndex" : false,
  "unique" : false,
  "primarykey" : false,
  "namefield" : false,
  "nullable" : true,
  "custom" : false,
  "createable" : true,
  "updateable" : true,
  "audit" : false,
  "customizable" : false,
  "fieldLength" : 10,
  "precision" : 0,
  "fieldOrder" : 0,
  "fieldProperties" : {
    "autoGenerated" : "false"
  }
}, {
  "entityTypeId" : "5f14ecb9-01ec-430a-a364-6b5254ea82c7",
  "id" : "ce0578b8-769d-49a9-bc18-f3db15fe7d89",
  "name" : "journey_radio",
  "sourceFieldname" : "journey_radio",
  "description" : "journey_radio",
  "dataType" : "string",
  "hasIndex" : false,
  "unique" : false,
  "primarykey" : false,
  "namefield" : false,
  "nullable" : true,
  "custom" : false,
  "createable" : true,
  "updateable" : true,
  "audit" : false,
  "customizable" : false,
  "fieldLength" : 30,
  "precision" : 0,
  "fieldOrder" : 0,
  "fieldProperties" : {
    "autoGenerated" : "false"
  }
}, {
  "entityTypeId" : "5f14ecb9-01ec-430a-a364-6b5254ea82c7",
  "id" : "ea216e94-c61a-4c70-9eee-d3ca1ae54a8d",
  "name" : "journey_reason_id_fk",
  "sourceFieldname" : "journey_reason_id_fk",
  "description" : "journey_reason_id_fk",
  "dataType" : "number",
  "hasIndex" : false,
  "unique" : false,
  "primarykey" : false,
  "namefield" : false,
  "nullable" : true,
  "custom" : false,
  "createable" : true,
  "updateable" : true,
  "audit" : false,
  "customizable" : false,
  "fieldLength" : 10,
  "precision" : 0,
  "fieldOrder" : 0,
  "fieldProperties" : {
    "autoGenerated" : "false"
  }
}, {
  "entityTypeId" : "5f14ecb9-01ec-430a-a364-6b5254ea82c7",
  "id" : "59f9e9b5-898c-45c3-8bf1-3e881bb7981b",
  "name" : "journey_satellite",
  "sourceFieldname" : "journey_satellite",
  "description" : "journey_satellite",
  "dataType" : "string",
  "hasIndex" : false,
  "unique" : false,
  "primarykey" : false,
  "namefield" : false,
  "nullable" : true,
  "custom" : false,
  "createable" : true,
  "updateable" : true,
  "audit" : false,
  "customizable" : false,
  "fieldLength" : 30,
  "precision" : 0,
  "fieldOrder" : 0,
  "fieldProperties" : {
    "autoGenerated" : "false"
  }
}, {
  "entityTypeId" : "5f14ecb9-01ec-430a-a364-6b5254ea82c7",
  "id" : "517144c4-33c1-4b2c-8f48-0faa39c4241b",
  "name" : "journey_selected_vehicle_id_fk",
  "sourceFieldname" : "journey_selected_vehicle_id_fk",
  "description" : "journey_selected_vehicle_id_fk",
  "dataType" : "number",
  "hasIndex" : false,
  "unique" : false,
  "primarykey" : false,
  "namefield" : false,
  "nullable" : true,
  "custom" : false,
  "createable" : true,
  "updateable" : true,
  "audit" : false,
  "customizable" : false,
  "fieldLength" : 10,
  "precision" : 0,
  "fieldOrder" : 0,
  "fieldProperties" : {
    "autoGenerated" : "false"
  }
}, {
  "entityTypeId" : "5f14ecb9-01ec-430a-a364-6b5254ea82c7",
  "id" : "584602ef-5cd3-4454-8481-6ba46335f14a",
  "name" : "journey_supervisor_emp_id",
  "sourceFieldname" : "journey_supervisor_emp_id",
  "description" : "journey_supervisor_emp_id",
  "dataType" : "string",
  "hasIndex" : false,
  "unique" : false,
  "primarykey" : false,
  "namefield" : false,
  "nullable" : true,
  "custom" : false,
  "createable" : true,
  "updateable" : true,
  "audit" : false,
  "customizable" : false,
  "fieldLength" : 10,
  "precision" : 0,
  "fieldOrder" : 0,
  "fieldProperties" : {
    "autoGenerated" : "false"
  }
}, {
  "entityTypeId" : "5f14ecb9-01ec-430a-a364-6b5254ea82c7",
  "id" : "de40156d-ebdb-464c-85de-d4ae564027b7",
  "name" : "journey_supervisor_name",
  "sourceFieldname" : "journey_supervisor_name",
  "description" : "journey_supervisor_name",
  "dataType" : "string",
  "hasIndex" : false,
  "unique" : false,
  "primarykey" : false,
  "namefield" : false,
  "nullable" : true,
  "custom" : false,
  "createable" : true,
  "updateable" : true,
  "audit" : false,
  "customizable" : false,
  "fieldLength" : 50,
  "precision" : 0,
  "fieldOrder" : 0,
  "fieldProperties" : {
    "autoGenerated" : "false"
  }
}, {
  "entityTypeId" : "5f14ecb9-01ec-430a-a364-6b5254ea82c7",
  "id" : "445e11f7-23a6-417c-a981-1592409478fb",
  "name" : "journey_supervisor_phone",
  "sourceFieldname" : "journey_supervisor_phone",
  "description" : "journey_supervisor_phone",
  "dataType" : "string",
  "hasIndex" : false,
  "unique" : false,
  "primarykey" : false,
  "namefield" : false,
  "nullable" : true,
  "custom" : false,
  "createable" : true,
  "updateable" : true,
  "audit" : false,
  "customizable" : false,
  "fieldLength" : 20,
  "precision" : 0,
  "fieldOrder" : 0,
  "fieldProperties" : {
    "autoGenerated" : "false"
  }
}, {
  "entityTypeId" : "5f14ecb9-01ec-430a-a364-6b5254ea82c7",
  "id" : "c0903721-a97f-451f-afee-0e8aa1d4066d",
  "name" : "journey_trackingpoint_lat",
  "sourceFieldname" : "journey_trackingpoint_lat",
  "description" : "journey_trackingpoint_lat",
  "dataType" : "string",
  "hasIndex" : false,
  "unique" : false,
  "primarykey" : false,
  "namefield" : false,
  "nullable" : true,
  "custom" : false,
  "createable" : true,
  "updateable" : true,
  "audit" : false,
  "customizable" : false,
  "fieldLength" : 45,
  "precision" : 0,
  "fieldOrder" : 0,
  "fieldProperties" : {
    "autoGenerated" : "false"
  }
}, {
  "entityTypeId" : "5f14ecb9-01ec-430a-a364-6b5254ea82c7",
  "id" : "e37f0e58-15af-4fc1-9cbd-129a4905fff8",
  "name" : "journey_trackingpoint_lon",
  "sourceFieldname" : "journey_trackingpoint_lon",
  "description" : "journey_trackingpoint_lon",
  "dataType" : "string",
  "hasIndex" : false,
  "unique" : false,
  "primarykey" : false,
  "namefield" : false,
  "nullable" : true,
  "custom" : false,
  "createable" : true,
  "updateable" : true,
  "audit" : false,
  "customizable" : false,
  "fieldLength" : 45,
  "precision" : 0,
  "fieldOrder" : 0,
  "fieldProperties" : {
    "autoGenerated" : "false"
  }
}, {
  "entityTypeId" : "5f14ecb9-01ec-430a-a364-6b5254ea82c7",
  "id" : "81059a5b-d095-4cc1-b809-ea0d20624b25",
  "name" : "journey_trackingpoint_name",
  "sourceFieldname" : "journey_trackingpoint_name",
  "description" : "journey_trackingpoint_name",
  "dataType" : "string",
  "hasIndex" : false,
  "unique" : false,
  "primarykey" : false,
  "namefield" : false,
  "nullable" : true,
  "custom" : false,
  "createable" : true,
  "updateable" : true,
  "audit" : false,
  "customizable" : false,
  "fieldLength" : 100,
  "precision" : 0,
  "fieldOrder" : 0,
  "fieldProperties" : {
    "autoGenerated" : "false"
  }
}, {
  "entityTypeId" : "5f14ecb9-01ec-430a-a364-6b5254ea82c7",
  "id" : "2e742329-a444-4df9-be9b-f37521dde543",
  "name" : "journeystatus_code_fk",
  "sourceFieldname" : "journeystatus_code_fk",
  "description" : "journeystatus_code_fk",
  "dataType" : "number",
  "hasIndex" : false,
  "unique" : false,
  "primarykey" : false,
  "namefield" : false,
  "nullable" : true,
  "custom" : false,
  "createable" : true,
  "updateable" : true,
  "audit" : false,
  "customizable" : false,
  "fieldLength" : 10,
  "precision" : 0,
  "fieldOrder" : 0,
  "fieldProperties" : {
    "autoGenerated" : "false"
  }
}, {
  "entityTypeId" : "5f14ecb9-01ec-430a-a364-6b5254ea82c7",
  "id" : "7ea5824a-8e88-4ce1-9319-7919b7450f98",
  "name" : "lastupdatedby",
  "sourceFieldname" : "lastupdatedby",
  "description" : "lastupdatedby",
  "dataType" : "string",
  "hasIndex" : false,
  "unique" : false,
  "primarykey" : false,
  "namefield" : false,
  "nullable" : true,
  "custom" : false,
  "createable" : true,
  "updateable" : true,
  "audit" : false,
  "customizable" : false,
  "fieldLength" : 50,
  "precision" : 0,
  "fieldOrder" : 0,
  "fieldProperties" : {
    "autoGenerated" : "false"
  }
}, {
  "entityTypeId" : "5f14ecb9-01ec-430a-a364-6b5254ea82c7",
  "id" : "7a0e98f3-0848-4ef0-93e7-3fbd2ed00edf",
  "name" : "lastupdateddatetime",
  "sourceFieldname" : "lastupdateddatetime",
  "description" : "lastupdateddatetime",
  "dataType" : "date",
  "hasIndex" : false,
  "unique" : false,
  "primarykey" : false,
  "namefield" : false,
  "nullable" : true,
  "custom" : false,
  "createable" : true,
  "updateable" : true,
  "audit" : false,
  "customizable" : false,
  "fieldLength" : 19,
  "precision" : 0,
  "fieldOrder" : 0,
  "fieldProperties" : {
    "autoGenerated" : "false"
  }
}, {
  "entityTypeId" : "5f14ecb9-01ec-430a-a364-6b5254ea82c7",
  "id" : "53aab58d-89eb-4c17-a84c-67824ac33322",
  "name" : "softdeleteflag",
  "sourceFieldname" : "softdeleteflag",
  "description" : "softdeleteflag",
  "dataType" : "number",
  "hasIndex" : false,
  "unique" : false,
  "primarykey" : false,
  "namefield" : false,
  "nullable" : true,
  "custom" : false,
  "createable" : true,
  "updateable" : true,
  "audit" : false,
  "customizable" : false,
  "fieldLength" : 3,
  "precision" : 0,
  "fieldOrder" : 0,
  "fieldProperties" : {
    "autoGenerated" : "false"
  }
}, {
  "entityTypeId" : "5f14ecb9-01ec-430a-a364-6b5254ea82c7",
  "id" : "304941a5-7abc-496a-ad2d-148be214f103",
  "name" : "user_emp_id_fk",
  "sourceFieldname" : "user_emp_id_fk",
  "description" : "user_emp_id_fk",
  "dataType" : "string",
  "hasIndex" : false,
  "unique" : false,
  "primarykey" : false,
  "namefield" : false,
  "nullable" : true,
  "custom" : false,
  "createable" : true,
  "updateable" : true,
  "audit" : false,
  "customizable" : false,
  "fieldLength" : 10,
  "precision" : 0,
  "fieldOrder" : 0,
  "fieldProperties" : {
    "autoGenerated" : "false"
  }
} ]