[ {
  "sourceObject" : "journey_tbl",
  "targetObject" : "checkpoints_tbl",
  "relationshipKeys" : [ {
    "sourceField" : "journey_id_pk",
    "targetField" : "journey_id_fk",
    "etag" : "2692c812-3a25-4e9f-8c74-3ea6e4c5b159"
  } ],
  "name" : "journey_tbl_checkpoints_tbl",
  "type" : "OneToMany",
  "custom" : false,
  "cascadeDelete" : false
}, {
  "sourceObject" : "journey_tbl",
  "targetObject" : "incident_notification_tbl",
  "relationshipKeys" : [ {
    "sourceField" : "journey_id_pk",
    "targetField" : "journey_id_fk",
    "etag" : "fcde1ab7-17c6-4834-b034-7e18c46cc495"
  } ],
  "name" : "journey_tbl_incident_notification_tbl",
  "type" : "OneToMany",
  "custom" : false,
  "cascadeDelete" : false
}, {
  "sourceObject" : "journey_tbl",
  "targetObject" : "journey_notif_map_tbl",
  "relationshipKeys" : [ {
    "sourceField" : "journey_id_pk",
    "targetField" : "journey_id_fk",
    "etag" : "f2d1cd2b-7682-4cd8-8840-1060c3b7aab7"
  } ],
  "name" : "journey_tbl_journey_notif_map_tbl",
  "type" : "OneToMany",
  "custom" : false,
  "cascadeDelete" : false
}, {
  "sourceObject" : "journey_tbl",
  "targetObject" : "journey_passengers_tbl",
  "relationshipKeys" : [ {
    "sourceField" : "journey_id_pk",
    "targetField" : "journey_id_fk",
    "etag" : "fd1cb93e-4a21-4c87-9a74-1417e286f6c4"
  } ],
  "name" : "journey_tbl_journey_passengers_tbl",
  "type" : "OneToMany",
  "custom" : false,
  "cascadeDelete" : false
}, {
  "sourceObject" : "journey_tbl",
  "targetObject" : "journey_signature_tbl",
  "relationshipKeys" : [ {
    "sourceField" : "journey_id_pk",
    "targetField" : "journey_id_fk",
    "etag" : "74fd7b9e-ac76-4e96-8b02-213dfea5eb10"
  } ],
  "name" : "journey_tbl_journey_signature_tbl",
  "type" : "OneToMany",
  "custom" : false,
  "cascadeDelete" : false
}, {
  "sourceObject" : "journey_tbl",
  "targetObject" : "user_answers_tbl",
  "relationshipKeys" : [ {
    "sourceField" : "journey_id_pk",
    "targetField" : "journey_id_fk",
    "etag" : "ff4b44f6-02fa-4516-afe2-dfc92abd34f8"
  } ],
  "name" : "journey_tbl_user_answers_tbl",
  "type" : "OneToMany",
  "custom" : false,
  "cascadeDelete" : false
} ]