{
  "operationConfig" : {
    "name" : "updateusertbl1809",
    "type" : "MappedToBackend",
    "cachable" : false,
    "smsEnabled" : false,
    "security" : "authorized_app_user",
    "responseEncoding" : "UTF-8",
    "httpMethod" : "GET",
    "decodeResponseBody" : false,
    "referencingEndpoint" : "default",
    "inputs" : [ {
      "id" : "user_emp_id_pk",
      "scope" : "request",
      "dataType" : "string",
      "encode" : true,
      "passNull" : false
    }, {
      "id" : "user_email_id",
      "scope" : "request",
      "dataType" : "string",
      "encode" : true,
      "passNull" : false
    }, {
      "id" : "group_id_fk",
      "scope" : "request",
      "dataType" : "number",
      "encode" : true,
      "passNull" : false
    }, {
      "id" : "user_firstname",
      "scope" : "request",
      "dataType" : "string",
      "encode" : true,
      "passNull" : false
    }, {
      "id" : "user_lastname",
      "scope" : "request",
      "dataType" : "string",
      "encode" : true,
      "passNull" : false
    }, {
      "id" : "user_phone1",
      "scope" : "request",
      "dataType" : "string",
      "encode" : true,
      "passNull" : false
    }, {
      "id" : "user_satellite",
      "scope" : "request",
      "dataType" : "string",
      "encode" : true,
      "passNull" : false
    }, {
      "id" : "user_radio",
      "scope" : "request",
      "dataType" : "string",
      "encode" : true,
      "passNull" : false
    }, {
      "id" : "country_id_fk",
      "scope" : "request",
      "dataType" : "number",
      "encode" : true,
      "passNull" : false
    }, {
      "id" : "region_id_fk",
      "scope" : "request",
      "dataType" : "number",
      "encode" : true,
      "passNull" : false
    }, {
      "id" : "language_id_fk",
      "scope" : "request",
      "dataType" : "number",
      "encode" : true,
      "passNull" : false
    }, {
      "id" : "createddatetime",
      "scope" : "request",
      "dataType" : "date",
      "encode" : true,
      "passNull" : false
    }, {
      "id" : "lastupdateddatetime",
      "scope" : "request",
      "dataType" : "date",
      "encode" : true,
      "passNull" : false
    }, {
      "id" : "softdeleteflag",
      "scope" : "request",
      "dataType" : "boolean",
      "encode" : true,
      "passNull" : false
    } ],
    "applyCommonMapping" : true,
    "applyRequestCommonMapping" : true,
    "applyResponseCommonMapping" : true,
    "entityMetadata" : "{\"entityAttributeTypeList\":[{\"name\":\"user_emp_id_pk\",\"jdbcType\":12,\"columnTypeName\":\"VARCHAR\",\"columnDecimalDigits\":0,\"autoGenerated\":false,\"creatable\":true,\"updatable\":false,\"primary\":true,\"softDelete\":false,\"lastModified\":false},{\"name\":\"user_email_id\",\"jdbcType\":12,\"columnTypeName\":\"VARCHAR\",\"columnDecimalDigits\":0,\"autoGenerated\":false,\"creatable\":true,\"updatable\":true,\"primary\":false,\"softDelete\":false,\"lastModified\":false},{\"name\":\"group_id_fk\",\"jdbcType\":4,\"columnTypeName\":\"INT\",\"columnDecimalDigits\":0,\"autoGenerated\":false,\"creatable\":true,\"updatable\":true,\"primary\":false,\"softDelete\":false,\"lastModified\":false},{\"name\":\"user_firstname\",\"jdbcType\":12,\"columnTypeName\":\"VARCHAR\",\"columnDecimalDigits\":0,\"autoGenerated\":false,\"creatable\":true,\"updatable\":true,\"primary\":false,\"softDelete\":false,\"lastModified\":false},{\"name\":\"user_lastname\",\"jdbcType\":12,\"columnTypeName\":\"VARCHAR\",\"columnDecimalDigits\":0,\"autoGenerated\":false,\"creatable\":true,\"updatable\":true,\"primary\":false,\"softDelete\":false,\"lastModified\":false},{\"name\":\"user_phone1\",\"jdbcType\":12,\"columnTypeName\":\"VARCHAR\",\"columnDecimalDigits\":0,\"autoGenerated\":false,\"creatable\":true,\"updatable\":true,\"primary\":false,\"softDelete\":false,\"lastModified\":false},{\"name\":\"user_satellite\",\"jdbcType\":12,\"columnTypeName\":\"VARCHAR\",\"columnDecimalDigits\":0,\"autoGenerated\":false,\"creatable\":true,\"updatable\":true,\"primary\":false,\"softDelete\":false,\"lastModified\":false},{\"name\":\"user_radio\",\"jdbcType\":12,\"columnTypeName\":\"VARCHAR\",\"columnDecimalDigits\":0,\"autoGenerated\":false,\"creatable\":true,\"updatable\":true,\"primary\":false,\"softDelete\":false,\"lastModified\":false},{\"name\":\"country_id_fk\",\"jdbcType\":4,\"columnTypeName\":\"INT\",\"columnDecimalDigits\":0,\"autoGenerated\":false,\"creatable\":true,\"updatable\":true,\"primary\":false,\"softDelete\":false,\"lastModified\":false},{\"name\":\"region_id_fk\",\"jdbcType\":4,\"columnTypeName\":\"INT\",\"columnDecimalDigits\":0,\"autoGenerated\":false,\"creatable\":true,\"updatable\":true,\"primary\":false,\"softDelete\":false,\"lastModified\":false},{\"name\":\"language_id_fk\",\"jdbcType\":4,\"columnTypeName\":\"INT\",\"columnDecimalDigits\":0,\"autoGenerated\":false,\"creatable\":true,\"updatable\":true,\"primary\":false,\"softDelete\":false,\"lastModified\":false},{\"name\":\"createddatetime\",\"jdbcType\":93,\"columnTypeName\":\"TIMESTAMP\",\"columnDecimalDigits\":0,\"autoGenerated\":false,\"creatable\":true,\"updatable\":true,\"primary\":false,\"softDelete\":false,\"lastModified\":false},{\"name\":\"lastupdateddatetime\",\"jdbcType\":93,\"columnTypeName\":\"TIMESTAMP\",\"columnDecimalDigits\":0,\"autoGenerated\":false,\"creatable\":true,\"updatable\":true,\"primary\":false,\"softDelete\":false,\"lastModified\":false},{\"name\":\"softdeleteflag\",\"jdbcType\":-7,\"columnTypeName\":\"BIT\",\"columnDecimalDigits\":0,\"autoGenerated\":false,\"creatable\":true,\"updatable\":true,\"primary\":false,\"softDelete\":true,\"lastModified\":false}],\"relationshipTypeList\":[{\"targetEntityType\":{\"name\":\"checkpoints_tbl\",\"schemaName\":\"test_rnd\"},\"relationshipAttributeTypeList\":[{\"sourceEntityAttributeType\":{\"name\":\"user_emp_id_pk\",\"jdbcType\":0,\"columnDecimalDigits\":0,\"autoGenerated\":false,\"creatable\":false,\"updatable\":false,\"primary\":false,\"softDelete\":false,\"lastModified\":false},\"targetEntityAttributeType\":{\"name\":\"checkpoint_reported_by_fk\",\"jdbcType\":0,\"columnDecimalDigits\":0,\"autoGenerated\":false,\"creatable\":false,\"updatable\":false,\"primary\":false,\"softDelete\":false,\"lastModified\":false}}],\"cascadeDelete\":false,\"relationshipType\":\"ONE_TO_MANY\"},{\"targetEntityType\":{\"name\":\"incident_notification_tbl\",\"schemaName\":\"test_rnd\"},\"relationshipAttributeTypeList\":[{\"sourceEntityAttributeType\":{\"name\":\"user_emp_id_pk\",\"jdbcType\":0,\"columnDecimalDigits\":0,\"autoGenerated\":false,\"creatable\":false,\"updatable\":false,\"primary\":false,\"softDelete\":false,\"lastModified\":false},\"targetEntityAttributeType\":{\"name\":\"admin_emp_id_responded_fk\",\"jdbcType\":0,\"columnDecimalDigits\":0,\"autoGenerated\":false,\"creatable\":false,\"updatable\":false,\"primary\":false,\"softDelete\":false,\"lastModified\":false}}],\"cascadeDelete\":false,\"relationshipType\":\"ONE_TO_MANY\"},{\"targetEntityType\":{\"name\":\"journey_tbl\",\"schemaName\":\"test_rnd\"},\"relationshipAttributeTypeList\":[{\"sourceEntityAttributeType\":{\"name\":\"user_emp_id_pk\",\"jdbcType\":0,\"columnDecimalDigits\":0,\"autoGenerated\":false,\"creatable\":false,\"updatable\":false,\"primary\":false,\"softDelete\":false,\"lastModified\":false},\"targetEntityAttributeType\":{\"name\":\"user_emp_id_fk\",\"jdbcType\":0,\"columnDecimalDigits\":0,\"autoGenerated\":false,\"creatable\":false,\"updatable\":false,\"primary\":false,\"softDelete\":false,\"lastModified\":false}}],\"cascadeDelete\":false,\"relationshipType\":\"ONE_TO_MANY\"},{\"targetEntityType\":{\"name\":\"journey_tbl\",\"schemaName\":\"test_rnd\"},\"relationshipAttributeTypeList\":[{\"sourceEntityAttributeType\":{\"name\":\"user_emp_id_pk\",\"jdbcType\":0,\"columnDecimalDigits\":0,\"autoGenerated\":false,\"creatable\":false,\"updatable\":false,\"primary\":false,\"softDelete\":false,\"lastModified\":false},\"targetEntityAttributeType\":{\"name\":\"journey_created_by_fk\",\"jdbcType\":0,\"columnDecimalDigits\":0,\"autoGenerated\":false,\"creatable\":false,\"updatable\":false,\"primary\":false,\"softDelete\":false,\"lastModified\":false}}],\"cascadeDelete\":false,\"relationshipType\":\"ONE_TO_MANY\"},{\"targetEntityType\":{\"name\":\"journey_tbl\",\"schemaName\":\"test_rnd\"},\"relationshipAttributeTypeList\":[{\"sourceEntityAttributeType\":{\"name\":\"user_emp_id_pk\",\"jdbcType\":0,\"columnDecimalDigits\":0,\"autoGenerated\":false,\"creatable\":false,\"updatable\":false,\"primary\":false,\"softDelete\":false,\"lastModified\":false},\"targetEntityAttributeType\":{\"name\":\"journey_last_updated_by\",\"jdbcType\":0,\"columnDecimalDigits\":0,\"autoGenerated\":false,\"creatable\":false,\"updatable\":false,\"primary\":false,\"softDelete\":false,\"lastModified\":false}}],\"cascadeDelete\":false,\"relationshipType\":\"ONE_TO_MANY\"},{\"targetEntityType\":{\"name\":\"notifications_tbl\",\"schemaName\":\"test_rnd\"},\"relationshipAttributeTypeList\":[{\"sourceEntityAttributeType\":{\"name\":\"user_emp_id_pk\",\"jdbcType\":0,\"columnDecimalDigits\":0,\"autoGenerated\":false,\"creatable\":false,\"updatable\":false,\"primary\":false,\"softDelete\":false,\"lastModified\":false},\"targetEntityAttributeType\":{\"name\":\"notification_sent_by_fk\",\"jdbcType\":0,\"columnDecimalDigits\":0,\"autoGenerated\":false,\"creatable\":false,\"updatable\":false,\"primary\":false,\"softDelete\":false,\"lastModified\":false}}],\"cascadeDelete\":false,\"relationshipType\":\"ONE_TO_MANY\"},{\"targetEntityType\":{\"name\":\"vehicle_tbl\",\"schemaName\":\"test_rnd\"},\"relationshipAttributeTypeList\":[{\"sourceEntityAttributeType\":{\"name\":\"user_emp_id_pk\",\"jdbcType\":0,\"columnDecimalDigits\":0,\"autoGenerated\":false,\"creatable\":false,\"updatable\":false,\"primary\":false,\"softDelete\":false,\"lastModified\":false},\"targetEntityAttributeType\":{\"name\":\"user_emp_id_fk\",\"jdbcType\":0,\"columnDecimalDigits\":0,\"autoGenerated\":false,\"creatable\":false,\"updatable\":false,\"primary\":false,\"softDelete\":false,\"lastModified\":false}}],\"cascadeDelete\":false,\"relationshipType\":\"ONE_TO_MANY\"}],\"name\":\"user_tbl\",\"schemaName\":\"test_rnd\",\"entityType\":\"com.kony.rdbms.metadata.model.AnnotatedTable\"}",
    "opcode" : "update",
    "backendMeta" : {
      "qualifiedObjectName" : "test_rnd.user_tbl",
      "backendObjectName" : "user_tbl"
    },
    "relationshipHierarchyMapping" : {
      "children" : [ {
        "children" : [ ],
        "name" : "checkpoints_tbl",
        "actions" : {
          "create" : true,
          "update" : true,
          "delete" : true
        },
        "selected" : true
      }, {
        "children" : [ ],
        "name" : "incident_notification_tbl",
        "actions" : {
          "create" : true,
          "update" : true,
          "delete" : true
        },
        "selected" : true
      }, {
        "children" : [ {
          "children" : [ ],
          "name" : "checkpoints_tbl",
          "actions" : {
            "create" : true,
            "update" : true,
            "delete" : true
          },
          "selected" : true
        }, {
          "children" : [ ],
          "name" : "incident_notification_tbl",
          "actions" : {
            "create" : true,
            "update" : true,
            "delete" : true
          },
          "selected" : true
        }, {
          "children" : [ ],
          "name" : "journey_notif_map_tbl",
          "actions" : {
            "create" : true,
            "update" : true,
            "delete" : true
          },
          "selected" : true
        }, {
          "children" : [ ],
          "name" : "journey_passengers_tbl",
          "actions" : {
            "create" : true,
            "update" : true,
            "delete" : true
          },
          "selected" : true
        }, {
          "children" : [ ],
          "name" : "journey_signature_tbl",
          "actions" : {
            "create" : true,
            "update" : true,
            "delete" : true
          },
          "selected" : true
        }, {
          "children" : [ ],
          "name" : "journey_tracepoints_tbl",
          "actions" : {
            "create" : true,
            "update" : true,
            "delete" : true
          },
          "selected" : true
        }, {
          "children" : [ ],
          "name" : "user_answers_tbl",
          "actions" : {
            "create" : true,
            "update" : true,
            "delete" : true
          },
          "selected" : true
        } ],
        "name" : "journey_tbl",
        "actions" : {
          "create" : true,
          "update" : true,
          "delete" : true
        },
        "selected" : true
      }, {
        "children" : [ {
          "children" : [ ],
          "name" : "journey_notif_map_tbl",
          "actions" : {
            "create" : true,
            "update" : true,
            "delete" : true
          },
          "selected" : true
        } ],
        "name" : "notifications_tbl",
        "actions" : {
          "create" : true,
          "update" : true,
          "delete" : true
        },
        "selected" : true
      }, {
        "children" : [ {
          "children" : [ {
            "children" : [ ],
            "name" : "checkpoints_tbl",
            "actions" : {
              "create" : true,
              "update" : true,
              "delete" : true
            },
            "selected" : true
          }, {
            "children" : [ ],
            "name" : "incident_notification_tbl",
            "actions" : {
              "create" : true,
              "update" : true,
              "delete" : true
            },
            "selected" : true
          }, {
            "children" : [ ],
            "name" : "journey_notif_map_tbl",
            "actions" : {
              "create" : true,
              "update" : true,
              "delete" : true
            },
            "selected" : true
          }, {
            "children" : [ ],
            "name" : "journey_passengers_tbl",
            "actions" : {
              "create" : true,
              "update" : true,
              "delete" : true
            },
            "selected" : true
          }, {
            "children" : [ ],
            "name" : "journey_signature_tbl",
            "actions" : {
              "create" : true,
              "update" : true,
              "delete" : true
            },
            "selected" : true
          }, {
            "children" : [ ],
            "name" : "journey_tracepoints_tbl",
            "actions" : {
              "create" : true,
              "update" : true,
              "delete" : true
            },
            "selected" : true
          }, {
            "children" : [ ],
            "name" : "user_answers_tbl",
            "actions" : {
              "create" : true,
              "update" : true,
              "delete" : true
            },
            "selected" : true
          } ],
          "name" : "journey_tbl",
          "actions" : {
            "create" : true,
            "update" : true,
            "delete" : true
          },
          "selected" : true
        }, {
          "children" : [ ],
          "name" : "vehicle_images_tbl",
          "actions" : {
            "create" : true,
            "update" : true,
            "delete" : true
          },
          "selected" : true
        } ],
        "name" : "vehicle_tbl",
        "actions" : {
          "create" : true,
          "update" : true,
          "delete" : true
        },
        "selected" : true
      } ],
      "name" : "user_tbl",
      "actions" : {
        "create" : true,
        "update" : true,
        "delete" : true
      },
      "selected" : true
    },
    "requestXmlMappingOverride" : false,
    "responseXmlMappingOverride" : false
  }
}