{
  "name" : "FMGADFS",
  "displayName" : "FMGADFS",
  "type" : "konyads",
  "version" : "1.0",
  "metaPreference" : 2,
  "config" : "{\"auth_type\":\"saml\",\"saml_config\":{\"bindingType\":\"1\",\"_saml_attr\":{\"img_url\":\"\",\"phone\":\"\",\"profile_url\":\"\",\"last_name\":\"LastName\",\"first_name\":\"FirstName\",\"email\":\"Employee-ID\"},\"idp_url\":\"https://sts.fmgl.com.au/federationmetadata/2007-06/federationmetadata.xml\"},\"isEntityGuid\":\"true\",\"config_version\":\"v1\"}",
  "policyConfig" : "{\"def_user_status\":\"pending\",\"max_login_fail\":5}",
  "admissionPolicy" : "no_approval_needed",
  "identityMeta" : {
    "allow_sso" : false
  },
  "ssoenabled" : false
}