[ {
  "entityTypeId" : "6f4caa88-f5b5-4b2a-a387-d1ced02468b4",
  "id" : "680932dd-b5ee-4b62-aa37-06c327bbae4e",
  "name" : "createdby",
  "sourceFieldname" : "createdby",
  "description" : "createdby",
  "dataType" : "string",
  "hasIndex" : false,
  "unique" : false,
  "primarykey" : false,
  "namefield" : false,
  "nullable" : true,
  "custom" : false,
  "createable" : true,
  "updateable" : true,
  "audit" : false,
  "customizable" : false,
  "fieldLength" : 50,
  "precision" : 0,
  "fieldOrder" : 0,
  "fieldProperties" : {
    "autoGenerated" : "false"
  }
}, {
  "entityTypeId" : "6f4caa88-f5b5-4b2a-a387-d1ced02468b4",
  "id" : "4972154e-7c06-4c77-a496-8772ee9d1a4b",
  "name" : "createddatetime",
  "sourceFieldname" : "createddatetime",
  "description" : "createddatetime",
  "dataType" : "date",
  "hasIndex" : false,
  "unique" : false,
  "primarykey" : false,
  "namefield" : false,
  "nullable" : true,
  "custom" : false,
  "createable" : true,
  "updateable" : true,
  "audit" : false,
  "customizable" : false,
  "fieldLength" : 19,
  "precision" : 0,
  "fieldOrder" : 0,
  "fieldProperties" : {
    "autoGenerated" : "false"
  }
}, {
  "entityTypeId" : "6f4caa88-f5b5-4b2a-a387-d1ced02468b4",
  "id" : "64afacc1-07c6-480f-b28b-a7f32aa06bd0",
  "name" : "image_base64",
  "sourceFieldname" : "image_base64",
  "description" : "image_base64",
  "dataType" : "string",
  "hasIndex" : false,
  "unique" : false,
  "primarykey" : false,
  "namefield" : false,
  "nullable" : true,
  "custom" : false,
  "createable" : true,
  "updateable" : true,
  "audit" : false,
  "customizable" : false,
  "fieldLength" : 2147483647,
  "precision" : 0,
  "fieldOrder" : 0,
  "fieldProperties" : {
    "autoGenerated" : "false"
  }
}, {
  "entityTypeId" : "6f4caa88-f5b5-4b2a-a387-d1ced02468b4",
  "id" : "0c49e6c7-dff2-4d7b-8d7e-99eca83f8b47",
  "name" : "lastupdatedby",
  "sourceFieldname" : "lastupdatedby",
  "description" : "lastupdatedby",
  "dataType" : "string",
  "hasIndex" : false,
  "unique" : false,
  "primarykey" : false,
  "namefield" : false,
  "nullable" : true,
  "custom" : false,
  "createable" : true,
  "updateable" : true,
  "audit" : false,
  "customizable" : false,
  "fieldLength" : 50,
  "precision" : 0,
  "fieldOrder" : 0,
  "fieldProperties" : {
    "autoGenerated" : "false"
  }
}, {
  "entityTypeId" : "6f4caa88-f5b5-4b2a-a387-d1ced02468b4",
  "id" : "cb0d7974-8f0a-4a7a-a784-6dc1a37ba013",
  "name" : "lastupdateddatetime",
  "sourceFieldname" : "lastupdateddatetime",
  "description" : "lastupdateddatetime",
  "dataType" : "date",
  "hasIndex" : false,
  "unique" : false,
  "primarykey" : false,
  "namefield" : false,
  "nullable" : true,
  "custom" : false,
  "createable" : true,
  "updateable" : true,
  "audit" : false,
  "customizable" : false,
  "fieldLength" : 19,
  "precision" : 0,
  "fieldOrder" : 0,
  "fieldProperties" : {
    "autoGenerated" : "false"
  }
}, {
  "entityTypeId" : "6f4caa88-f5b5-4b2a-a387-d1ced02468b4",
  "id" : "3bfeeed1-3058-44f0-968c-a5f9b1fb1065",
  "name" : "row_id_pk",
  "sourceFieldname" : "row_id_pk",
  "description" : "row_id_pk",
  "dataType" : "number",
  "hasIndex" : false,
  "unique" : false,
  "primarykey" : true,
  "namefield" : false,
  "nullable" : false,
  "custom" : false,
  "createable" : false,
  "updateable" : false,
  "audit" : false,
  "customizable" : false,
  "fieldLength" : 10,
  "precision" : 0,
  "fieldOrder" : 0,
  "fieldProperties" : {
    "autoGenerated" : "true"
  }
}, {
  "entityTypeId" : "6f4caa88-f5b5-4b2a-a387-d1ced02468b4",
  "id" : "a212b5bc-7641-4d22-b47d-ad888a7cf3b8",
  "name" : "softdeleteflag",
  "sourceFieldname" : "softdeleteflag",
  "description" : "softdeleteflag",
  "dataType" : "number",
  "hasIndex" : false,
  "unique" : false,
  "primarykey" : false,
  "namefield" : false,
  "nullable" : true,
  "custom" : false,
  "createable" : true,
  "updateable" : true,
  "audit" : false,
  "customizable" : false,
  "fieldLength" : 3,
  "precision" : 0,
  "fieldOrder" : 0,
  "fieldProperties" : {
    "autoGenerated" : "false"
  }
}, {
  "entityTypeId" : "6f4caa88-f5b5-4b2a-a387-d1ced02468b4",
  "id" : "4181ef8e-d829-4a4a-a899-31b5d0d70e08",
  "name" : "vehicle_id_fk",
  "sourceFieldname" : "vehicle_id_fk",
  "description" : "vehicle_id_fk",
  "dataType" : "number",
  "hasIndex" : false,
  "unique" : false,
  "primarykey" : false,
  "namefield" : false,
  "nullable" : true,
  "custom" : false,
  "createable" : true,
  "updateable" : true,
  "audit" : false,
  "customizable" : false,
  "fieldLength" : 10,
  "precision" : 0,
  "fieldOrder" : 0,
  "fieldProperties" : {
    "autoGenerated" : "false"
  }
} ]