{
  "operationConfig" : {
    "name" : "deletejourneytracepointstbl9557",
    "type" : "MappedToBackend",
    "cachable" : false,
    "smsEnabled" : false,
    "security" : "authorized_app_user",
    "responseEncoding" : "UTF-8",
    "httpMethod" : "GET",
    "decodeResponseBody" : false,
    "referencingEndpoint" : "default",
    "inputs" : [ {
      "id" : "tracepoint_row_id_pk",
      "scope" : "request",
      "dataType" : "number",
      "encode" : true,
      "passNull" : false
    } ],
    "odata" : [ {
      "id" : "$filter",
      "dataType" : "string",
      "encode" : true,
      "accessType" : "readonly"
    } ],
    "applyCommonMapping" : true,
    "applyRequestCommonMapping" : true,
    "applyResponseCommonMapping" : true,
    "entityMetadata" : "{\"entityAttributeTypeList\":[{\"name\":\"tracepoint_row_id_pk\",\"jdbcType\":4,\"columnTypeName\":\"INT\",\"columnDecimalDigits\":0,\"autoGenerated\":true,\"creatable\":false,\"updatable\":false,\"primary\":true,\"softDelete\":false,\"lastModified\":false},{\"name\":\"journey_id_fk\",\"jdbcType\":4,\"columnTypeName\":\"INT\",\"columnDecimalDigits\":0,\"autoGenerated\":false,\"creatable\":true,\"updatable\":true,\"primary\":false,\"softDelete\":false,\"lastModified\":false},{\"name\":\"tracepoint_seq_num\",\"jdbcType\":4,\"columnTypeName\":\"INT\",\"columnDecimalDigits\":0,\"autoGenerated\":false,\"creatable\":true,\"updatable\":true,\"primary\":false,\"softDelete\":false,\"lastModified\":false},{\"name\":\"createddatetime\",\"jdbcType\":93,\"columnTypeName\":\"TIMESTAMP\",\"columnDecimalDigits\":0,\"autoGenerated\":false,\"creatable\":true,\"updatable\":true,\"primary\":false,\"softDelete\":false,\"lastModified\":false},{\"name\":\"lastupdateddatetime\",\"jdbcType\":93,\"columnTypeName\":\"TIMESTAMP\",\"columnDecimalDigits\":0,\"autoGenerated\":false,\"creatable\":true,\"updatable\":true,\"primary\":false,\"softDelete\":false,\"lastModified\":false},{\"name\":\"softdeleteflag\",\"jdbcType\":-7,\"columnTypeName\":\"BIT\",\"columnDecimalDigits\":0,\"autoGenerated\":false,\"creatable\":true,\"updatable\":true,\"primary\":false,\"softDelete\":true,\"lastModified\":false},{\"name\":\"tracepoint_lat\",\"jdbcType\":12,\"columnTypeName\":\"VARCHAR\",\"columnDecimalDigits\":0,\"autoGenerated\":false,\"creatable\":true,\"updatable\":true,\"primary\":false,\"softDelete\":false,\"lastModified\":false},{\"name\":\"tracepoint_lon\",\"jdbcType\":12,\"columnTypeName\":\"VARCHAR\",\"columnDecimalDigits\":0,\"autoGenerated\":false,\"creatable\":true,\"updatable\":true,\"primary\":false,\"softDelete\":false,\"lastModified\":false}],\"relationshipTypeList\":[],\"name\":\"journey_tracepoints_tbl\",\"schemaName\":\"test_rnd\",\"entityType\":\"com.kony.rdbms.metadata.model.AnnotatedTable\"}",
    "opcode" : "delete",
    "backendMeta" : {
      "qualifiedObjectName" : "test_rnd.journey_tracepoints_tbl",
      "backendObjectName" : "journey_tracepoints_tbl"
    },
    "relationshipHierarchyMapping" : {
      "children" : [ ],
      "name" : "journey_tracepoints_tbl",
      "actions" : {
        "delete" : true
      },
      "selected" : true
    },
    "requestXmlMappingOverride" : false,
    "responseXmlMappingOverride" : false
  }
}