[ {
  "entityTypeId" : "5fcb5a00-c8e8-4db3-9e32-371603fbacaf",
  "id" : "08385fd3-9b8b-4842-94a9-3b6322b088ab",
  "name" : "createdby",
  "sourceFieldname" : "createdby",
  "description" : "createdby",
  "dataType" : "string",
  "hasIndex" : false,
  "unique" : false,
  "primarykey" : false,
  "namefield" : false,
  "nullable" : true,
  "custom" : false,
  "createable" : true,
  "updateable" : true,
  "audit" : false,
  "customizable" : false,
  "fieldLength" : 50,
  "precision" : 0,
  "fieldOrder" : 0,
  "fieldProperties" : {
    "autoGenerated" : "false"
  }
}, {
  "entityTypeId" : "5fcb5a00-c8e8-4db3-9e32-371603fbacaf",
  "id" : "052d3c1f-ac7b-4837-b899-cf468ae89623",
  "name" : "createddatetime",
  "sourceFieldname" : "createddatetime",
  "description" : "createddatetime",
  "dataType" : "date",
  "hasIndex" : false,
  "unique" : false,
  "primarykey" : false,
  "namefield" : false,
  "nullable" : true,
  "custom" : false,
  "createable" : true,
  "updateable" : true,
  "audit" : false,
  "customizable" : false,
  "fieldLength" : 19,
  "precision" : 0,
  "fieldOrder" : 0,
  "fieldProperties" : {
    "autoGenerated" : "false"
  }
}, {
  "entityTypeId" : "5fcb5a00-c8e8-4db3-9e32-371603fbacaf",
  "id" : "724c67b4-a3ec-423e-9a2c-4af30ef3934b",
  "name" : "lastupdatedby",
  "sourceFieldname" : "lastupdatedby",
  "description" : "lastupdatedby",
  "dataType" : "string",
  "hasIndex" : false,
  "unique" : false,
  "primarykey" : false,
  "namefield" : false,
  "nullable" : true,
  "custom" : false,
  "createable" : true,
  "updateable" : true,
  "audit" : false,
  "customizable" : false,
  "fieldLength" : 50,
  "precision" : 0,
  "fieldOrder" : 0,
  "fieldProperties" : {
    "autoGenerated" : "false"
  }
}, {
  "entityTypeId" : "5fcb5a00-c8e8-4db3-9e32-371603fbacaf",
  "id" : "1f28abf4-251b-4a0f-b6e9-b89e1d098cdb",
  "name" : "lastupdateddatetime",
  "sourceFieldname" : "lastupdateddatetime",
  "description" : "lastupdateddatetime",
  "dataType" : "date",
  "hasIndex" : false,
  "unique" : false,
  "primarykey" : false,
  "namefield" : false,
  "nullable" : true,
  "custom" : false,
  "createable" : true,
  "updateable" : true,
  "audit" : false,
  "customizable" : false,
  "fieldLength" : 19,
  "precision" : 0,
  "fieldOrder" : 0,
  "fieldProperties" : {
    "autoGenerated" : "false"
  }
}, {
  "entityTypeId" : "5fcb5a00-c8e8-4db3-9e32-371603fbacaf",
  "id" : "6241b9ba-223f-4485-9866-ba89ee97c714",
  "name" : "softdeleteflag",
  "sourceFieldname" : "softdeleteflag",
  "description" : "softdeleteflag",
  "dataType" : "number",
  "hasIndex" : false,
  "unique" : false,
  "primarykey" : false,
  "namefield" : false,
  "nullable" : true,
  "custom" : false,
  "createable" : true,
  "updateable" : true,
  "audit" : false,
  "customizable" : false,
  "fieldLength" : 3,
  "precision" : 0,
  "fieldOrder" : 0,
  "fieldProperties" : {
    "autoGenerated" : "false"
  }
}, {
  "entityTypeId" : "5fcb5a00-c8e8-4db3-9e32-371603fbacaf",
  "id" : "b37877c8-327f-4be4-b970-b29005dd0844",
  "name" : "user_emp_id_fk",
  "sourceFieldname" : "user_emp_id_fk",
  "description" : "user_emp_id_fk",
  "dataType" : "string",
  "hasIndex" : false,
  "unique" : false,
  "primarykey" : false,
  "namefield" : false,
  "nullable" : true,
  "custom" : false,
  "createable" : true,
  "updateable" : true,
  "audit" : false,
  "customizable" : false,
  "fieldLength" : 10,
  "precision" : 0,
  "fieldOrder" : 0,
  "fieldProperties" : {
    "autoGenerated" : "false"
  }
}, {
  "entityTypeId" : "5fcb5a00-c8e8-4db3-9e32-371603fbacaf",
  "id" : "3b5ba983-d7b5-450e-8887-1d7cc0525801",
  "name" : "vehicle_color",
  "sourceFieldname" : "vehicle_color",
  "description" : "vehicle_color",
  "dataType" : "string",
  "hasIndex" : false,
  "unique" : false,
  "primarykey" : false,
  "namefield" : false,
  "nullable" : true,
  "custom" : false,
  "createable" : true,
  "updateable" : true,
  "audit" : false,
  "customizable" : false,
  "fieldLength" : 20,
  "precision" : 0,
  "fieldOrder" : 0,
  "fieldProperties" : {
    "autoGenerated" : "false"
  }
}, {
  "entityTypeId" : "5fcb5a00-c8e8-4db3-9e32-371603fbacaf",
  "id" : "00fee4d5-03e8-4951-a222-217436ea6f26",
  "name" : "vehicle_id_pk",
  "sourceFieldname" : "vehicle_id_pk",
  "description" : "vehicle_id_pk",
  "dataType" : "number",
  "hasIndex" : false,
  "unique" : false,
  "primarykey" : true,
  "namefield" : false,
  "nullable" : false,
  "custom" : false,
  "createable" : false,
  "updateable" : false,
  "audit" : false,
  "customizable" : false,
  "fieldLength" : 10,
  "precision" : 0,
  "fieldOrder" : 0,
  "fieldProperties" : {
    "autoGenerated" : "true"
  }
}, {
  "entityTypeId" : "5fcb5a00-c8e8-4db3-9e32-371603fbacaf",
  "id" : "1dd3b952-c141-4144-a7a7-e55c7083df21",
  "name" : "vehicle_make",
  "sourceFieldname" : "vehicle_make",
  "description" : "vehicle_make",
  "dataType" : "string",
  "hasIndex" : false,
  "unique" : false,
  "primarykey" : false,
  "namefield" : false,
  "nullable" : true,
  "custom" : false,
  "createable" : true,
  "updateable" : true,
  "audit" : false,
  "customizable" : false,
  "fieldLength" : 20,
  "precision" : 0,
  "fieldOrder" : 0,
  "fieldProperties" : {
    "autoGenerated" : "false"
  }
}, {
  "entityTypeId" : "5fcb5a00-c8e8-4db3-9e32-371603fbacaf",
  "id" : "34371834-58ac-4ef6-a4a8-d9986b2a477d",
  "name" : "vehicle_model",
  "sourceFieldname" : "vehicle_model",
  "description" : "vehicle_model",
  "dataType" : "string",
  "hasIndex" : false,
  "unique" : false,
  "primarykey" : false,
  "namefield" : false,
  "nullable" : true,
  "custom" : false,
  "createable" : true,
  "updateable" : true,
  "audit" : false,
  "customizable" : false,
  "fieldLength" : 20,
  "precision" : 0,
  "fieldOrder" : 0,
  "fieldProperties" : {
    "autoGenerated" : "false"
  }
}, {
  "entityTypeId" : "5fcb5a00-c8e8-4db3-9e32-371603fbacaf",
  "id" : "e6af492c-fb29-43f1-ad75-03d001fddf04",
  "name" : "vehicle_reg_num",
  "sourceFieldname" : "vehicle_reg_num",
  "description" : "vehicle_reg_num",
  "dataType" : "string",
  "hasIndex" : false,
  "unique" : false,
  "primarykey" : false,
  "namefield" : false,
  "nullable" : true,
  "custom" : false,
  "createable" : true,
  "updateable" : true,
  "audit" : false,
  "customizable" : false,
  "fieldLength" : 15,
  "precision" : 0,
  "fieldOrder" : 0,
  "fieldProperties" : {
    "autoGenerated" : "false"
  }
} ]