[ {
  "sourceObject" : "vehicle_tbl",
  "targetObject" : "journey_tbl",
  "relationshipKeys" : [ {
    "sourceField" : "vehicle_id_pk",
    "targetField" : "journey_selected_vehicle_id_fk",
    "etag" : "b204ef2e-005b-4f35-9f90-34215b1ab3b5"
  } ],
  "name" : "vehicle_tbl_journey_tbl",
  "type" : "OneToMany",
  "custom" : false,
  "cascadeDelete" : false
}, {
  "sourceObject" : "vehicle_tbl",
  "targetObject" : "vehicle_images_tbl",
  "relationshipKeys" : [ {
    "sourceField" : "vehicle_id_pk",
    "targetField" : "vehicle_id_fk",
    "etag" : "13615e6f-1bca-45d6-975b-c8522929a5d7"
  } ],
  "name" : "vehicle_tbl_vehicle_images_tbl",
  "type" : "OneToMany",
  "custom" : false,
  "cascadeDelete" : false
} ]