{
  "type" : "lob",
  "custom" : false,
  "junction" : false,
  "customizable" : false,
  "verbs" : {
    "get" : "getMapping",
    "create" : "createMapping",
    "update" : "updateMapping",
    "delete" : "deleteMapping"
  },
  "entityProperties" : {
    "BatchMode" : "pagination",
    "SoftDeleteFlagField" : {
      "ActiveValue" : "false",
      "InactiveValue" : "true",
      "Name" : "SoftDeleteFlag"
    },
    "backendMeta" : {
      "backendObjectName" : "groupnames",
      "qualifiedName" : "inspectionsoffline.groupnames",
      "metadataformatterobject" : "{\"name\":\"groupnames\",\"displayName\":\"groupnames\",\"qualifiedName\":\"inspectionsoffline.groupnames\",\"schemaName\":\"inspectionsoffline\",\"tableName\":\"groupnames\",\"entityType\":\"com.kony.rdbms.metadata.model.AnnotatedTable\"}"
    },
    "designTimeBackendMeta" : {
      "backendObjectName" : "groupnames",
      "qualifiedName" : "inspectionsoffline.groupnames",
      "metadataformatterobject" : "{\"name\":\"groupnames\",\"displayName\":\"groupnames\",\"qualifiedName\":\"inspectionsoffline.groupnames\",\"schemaName\":\"inspectionsoffline\",\"tableName\":\"groupnames\",\"entityType\":\"com.kony.rdbms.metadata.model.AnnotatedTable\"}"
    }
  },
  "commonMappings" : [ {
    "sourceFieldName" : "Group_Id",
    "targetField" : "Group_Id",
    "type" : "request_response"
  }, {
    "sourceFieldName" : "Description",
    "targetField" : "Description",
    "type" : "request_response"
  }, {
    "sourceFieldName" : "CreatedTimestamp",
    "targetField" : "CreatedTimestamp",
    "type" : "request_response"
  }, {
    "sourceFieldName" : "LastUpdatedTimestamp",
    "targetField" : "LastUpdatedTimestamp",
    "type" : "request_response"
  }, {
    "sourceFieldName" : "SoftDeleteFlag",
    "targetField" : "SoftDeleteFlag",
    "type" : "request_response"
  }, {
    "sourceFieldName" : "Name",
    "targetField" : "Name",
    "type" : "request_response"
  } ]
}