{"desktopweb":{"platform":"desktopweb","indexjl":"js","devicemessage":"This device is currently not supported","deviceexception":"Unknown Error Occurred <br/> Contact System Admin","importjsfiles":[],"defaultLocale":"en","default_locale":"en","locales":"[\"en\",\"en_US\",\"pt\"]","javascripterrormsg":"To use this site, first enable your browser's JavaScript support and then refresh this page.","version":"1.0.0","category":"desktopweb/","bgcolor":"#ffffff","style":"width:100%; margin: 0px; padding: 0px;","bodyalign":"left","enablexfsdw":false,"enablexfs":"false","isDebug":"true","csslist":[],"jslist":[]},"appconfig":{"buildoption":"release","applocales":"pt,en_US,en","spa":"desktopweb","appid":"WorkOrder","devicedblookup":"false","smsecure":"","cacheId":"1559307451293","cacheUrl":"WorkOrder/1559307451293"}}