[ {
  "sourceObject" : "region_master_tbl",
  "targetObject" : "guides_manuals_tbl",
  "relationshipKeys" : [ {
    "sourceField" : "region_id_pk",
    "targetField" : "region_id_fk",
    "etag" : "5090eca5-912a-46a5-a7e3-420fc90e565f"
  } ],
  "name" : "region_master_tbl_guides_manuals_tbl",
  "type" : "OneToMany",
  "custom" : false,
  "cascadeDelete" : false
}, {
  "sourceObject" : "region_master_tbl",
  "targetObject" : "question_localisation_mapping_tbl",
  "relationshipKeys" : [ {
    "sourceField" : "region_id_pk",
    "targetField" : "region_id_fk",
    "etag" : "36a2ed1a-9896-47a0-83fb-17076abe239a"
  } ],
  "name" : "region_master_tbl_question_localisation_mapping_tbl",
  "type" : "OneToMany",
  "custom" : false,
  "cascadeDelete" : false
} ]