[ {
  "entityTypeId" : "87b2544d-4975-4174-ae99-f117b67b8d8b",
  "id" : "a77183a1-47a3-4f16-878a-d27a16525541",
  "name" : "country_id_fk",
  "sourceFieldname" : "country_id_fk",
  "description" : "country_id_fk",
  "dataType" : "number",
  "hasIndex" : false,
  "unique" : false,
  "primarykey" : false,
  "namefield" : false,
  "nullable" : true,
  "custom" : false,
  "createable" : true,
  "updateable" : true,
  "audit" : false,
  "customizable" : false,
  "fieldLength" : 10,
  "precision" : 0,
  "fieldOrder" : 0,
  "fieldProperties" : {
    "autoGenerated" : "false"
  }
}, {
  "entityTypeId" : "87b2544d-4975-4174-ae99-f117b67b8d8b",
  "id" : "16273240-83b9-45a0-9c7d-313f009c7ffe",
  "name" : "createddatetime",
  "sourceFieldname" : "createddatetime",
  "description" : "createddatetime",
  "dataType" : "date",
  "hasIndex" : false,
  "unique" : false,
  "primarykey" : false,
  "namefield" : false,
  "nullable" : true,
  "custom" : false,
  "createable" : true,
  "updateable" : true,
  "audit" : false,
  "customizable" : false,
  "fieldLength" : 19,
  "precision" : 0,
  "fieldOrder" : 0,
  "fieldProperties" : {
    "autoGenerated" : "false"
  }
}, {
  "entityTypeId" : "87b2544d-4975-4174-ae99-f117b67b8d8b",
  "id" : "2f869bf9-8692-4a4d-9e4c-f841f2de3b0f",
  "name" : "group_id_fk",
  "sourceFieldname" : "group_id_fk",
  "description" : "group_id_fk",
  "dataType" : "number",
  "hasIndex" : false,
  "unique" : false,
  "primarykey" : false,
  "namefield" : false,
  "nullable" : true,
  "custom" : false,
  "createable" : true,
  "updateable" : true,
  "audit" : false,
  "customizable" : false,
  "fieldLength" : 10,
  "precision" : 0,
  "fieldOrder" : 0,
  "fieldProperties" : {
    "autoGenerated" : "false"
  }
}, {
  "entityTypeId" : "87b2544d-4975-4174-ae99-f117b67b8d8b",
  "id" : "95a1ac91-f40d-49de-b051-1785d7945c9b",
  "name" : "language_id_fk",
  "sourceFieldname" : "language_id_fk",
  "description" : "language_id_fk",
  "dataType" : "number",
  "hasIndex" : false,
  "unique" : false,
  "primarykey" : false,
  "namefield" : false,
  "nullable" : true,
  "custom" : false,
  "createable" : true,
  "updateable" : true,
  "audit" : false,
  "customizable" : false,
  "fieldLength" : 10,
  "precision" : 0,
  "fieldOrder" : 0,
  "fieldProperties" : {
    "autoGenerated" : "false"
  }
}, {
  "entityTypeId" : "87b2544d-4975-4174-ae99-f117b67b8d8b",
  "id" : "231d3e35-ff3a-4819-a80c-a615d7f70c1e",
  "name" : "lastupdateddatetime",
  "sourceFieldname" : "lastupdateddatetime",
  "description" : "lastupdateddatetime",
  "dataType" : "date",
  "hasIndex" : false,
  "unique" : false,
  "primarykey" : false,
  "namefield" : false,
  "nullable" : true,
  "custom" : false,
  "createable" : true,
  "updateable" : true,
  "audit" : false,
  "customizable" : false,
  "fieldLength" : 19,
  "precision" : 0,
  "fieldOrder" : 0,
  "fieldProperties" : {
    "autoGenerated" : "false"
  }
}, {
  "entityTypeId" : "87b2544d-4975-4174-ae99-f117b67b8d8b",
  "id" : "982e0908-ad47-4687-a3d3-90af084bee12",
  "name" : "region_id_fk",
  "sourceFieldname" : "region_id_fk",
  "description" : "region_id_fk",
  "dataType" : "number",
  "hasIndex" : false,
  "unique" : false,
  "primarykey" : false,
  "namefield" : false,
  "nullable" : true,
  "custom" : false,
  "createable" : true,
  "updateable" : true,
  "audit" : false,
  "customizable" : false,
  "fieldLength" : 10,
  "precision" : 0,
  "fieldOrder" : 0,
  "fieldProperties" : {
    "autoGenerated" : "false"
  }
}, {
  "entityTypeId" : "87b2544d-4975-4174-ae99-f117b67b8d8b",
  "id" : "f326f6d6-231b-498a-994b-c91824f20a48",
  "name" : "softdeleteflag",
  "sourceFieldname" : "softdeleteflag",
  "description" : "softdeleteflag",
  "dataType" : "number",
  "hasIndex" : false,
  "unique" : false,
  "primarykey" : false,
  "namefield" : false,
  "nullable" : true,
  "custom" : false,
  "createable" : true,
  "updateable" : true,
  "audit" : false,
  "customizable" : false,
  "fieldLength" : 3,
  "precision" : 0,
  "fieldOrder" : 0,
  "fieldProperties" : {
    "autoGenerated" : "false"
  }
}, {
  "entityTypeId" : "87b2544d-4975-4174-ae99-f117b67b8d8b",
  "id" : "cc0284a7-0630-419e-9903-ec3e36048eae",
  "name" : "user_email_id",
  "sourceFieldname" : "user_email_id",
  "description" : "user_email_id",
  "dataType" : "string",
  "hasIndex" : false,
  "unique" : false,
  "primarykey" : false,
  "namefield" : false,
  "nullable" : true,
  "custom" : false,
  "createable" : true,
  "updateable" : true,
  "audit" : false,
  "customizable" : false,
  "fieldLength" : 100,
  "precision" : 0,
  "fieldOrder" : 0,
  "fieldProperties" : {
    "autoGenerated" : "false"
  }
}, {
  "entityTypeId" : "87b2544d-4975-4174-ae99-f117b67b8d8b",
  "id" : "865fbf0c-0bb2-4347-91c5-ad8beadbbe29",
  "name" : "user_emp_id_pk",
  "sourceFieldname" : "user_emp_id_pk",
  "description" : "user_emp_id_pk",
  "dataType" : "string",
  "hasIndex" : false,
  "unique" : false,
  "primarykey" : true,
  "namefield" : false,
  "nullable" : false,
  "custom" : false,
  "createable" : true,
  "updateable" : false,
  "audit" : false,
  "customizable" : false,
  "fieldLength" : 10,
  "precision" : 0,
  "fieldOrder" : 0,
  "fieldProperties" : {
    "autoGenerated" : "false"
  }
}, {
  "entityTypeId" : "87b2544d-4975-4174-ae99-f117b67b8d8b",
  "id" : "3d5bb633-e2a1-4479-a211-4ee0cc7ddf17",
  "name" : "user_firstname",
  "sourceFieldname" : "user_firstname",
  "description" : "user_firstname",
  "dataType" : "string",
  "hasIndex" : false,
  "unique" : false,
  "primarykey" : false,
  "namefield" : false,
  "nullable" : true,
  "custom" : false,
  "createable" : true,
  "updateable" : true,
  "audit" : false,
  "customizable" : false,
  "fieldLength" : 50,
  "precision" : 0,
  "fieldOrder" : 0,
  "fieldProperties" : {
    "autoGenerated" : "false"
  }
}, {
  "entityTypeId" : "87b2544d-4975-4174-ae99-f117b67b8d8b",
  "id" : "b1762811-ceeb-4e1f-b774-27c9fa0d583f",
  "name" : "user_lastname",
  "sourceFieldname" : "user_lastname",
  "description" : "user_lastname",
  "dataType" : "string",
  "hasIndex" : false,
  "unique" : false,
  "primarykey" : false,
  "namefield" : false,
  "nullable" : true,
  "custom" : false,
  "createable" : true,
  "updateable" : true,
  "audit" : false,
  "customizable" : false,
  "fieldLength" : 50,
  "precision" : 0,
  "fieldOrder" : 0,
  "fieldProperties" : {
    "autoGenerated" : "false"
  }
}, {
  "entityTypeId" : "87b2544d-4975-4174-ae99-f117b67b8d8b",
  "id" : "c2bd51c3-87b3-44aa-932a-1b3bc0e85545",
  "name" : "user_phone1",
  "sourceFieldname" : "user_phone1",
  "description" : "user_phone1",
  "dataType" : "string",
  "hasIndex" : false,
  "unique" : false,
  "primarykey" : false,
  "namefield" : false,
  "nullable" : true,
  "custom" : false,
  "createable" : true,
  "updateable" : true,
  "audit" : false,
  "customizable" : false,
  "fieldLength" : 20,
  "precision" : 0,
  "fieldOrder" : 0,
  "fieldProperties" : {
    "autoGenerated" : "false"
  }
} ]