[ {
  "sourceObject" : "user_tbl",
  "targetObject" : "checkpoints_tbl",
  "relationshipKeys" : [ {
    "sourceField" : "user_emp_id_pk",
    "targetField" : "checkpoint_reported_by_fk",
    "etag" : "462ddded-4c16-40c8-90bd-d5be08450605"
  } ],
  "name" : "user_tbl_checkpoints_tbl",
  "type" : "OneToMany",
  "custom" : false,
  "cascadeDelete" : false
}, {
  "sourceObject" : "user_tbl",
  "targetObject" : "incident_notification_tbl",
  "relationshipKeys" : [ {
    "sourceField" : "user_emp_id_pk",
    "targetField" : "admin_emp_id_responded_fk",
    "etag" : "52385c8e-4f77-4a4f-b8c4-9ffbbdcb600e"
  } ],
  "name" : "user_tbl_incident_notification_tbl",
  "type" : "OneToMany",
  "custom" : false,
  "cascadeDelete" : false
}, {
  "sourceObject" : "user_tbl",
  "targetObject" : "journey_tbl",
  "relationshipKeys" : [ {
    "sourceField" : "user_emp_id_pk",
    "targetField" : "user_emp_id_fk",
    "etag" : "b714bb11-5bdd-4bdc-8f5f-c3893cc147a1"
  } ],
  "name" : "user_tbl_journey_tbl",
  "type" : "OneToMany",
  "custom" : false,
  "cascadeDelete" : false
}, {
  "sourceObject" : "user_tbl",
  "targetObject" : "journey_tbl",
  "relationshipKeys" : [ {
    "sourceField" : "user_emp_id_pk",
    "targetField" : "journey_created_by_fk",
    "etag" : "e676c41f-8eba-4c0e-85a4-222c9e32064d"
  } ],
  "name" : "user_tbl_journey_tbl_1",
  "type" : "OneToMany",
  "custom" : false,
  "cascadeDelete" : false
}, {
  "sourceObject" : "user_tbl",
  "targetObject" : "journey_tbl",
  "relationshipKeys" : [ {
    "sourceField" : "user_emp_id_pk",
    "targetField" : "journey_last_updated_by",
    "etag" : "da5334cd-0301-44cd-80d7-9c12c7610755"
  } ],
  "name" : "user_tbl_journey_tbl_2",
  "type" : "OneToMany",
  "custom" : false,
  "cascadeDelete" : false
}, {
  "sourceObject" : "user_tbl",
  "targetObject" : "notifications_tbl",
  "relationshipKeys" : [ {
    "sourceField" : "user_emp_id_pk",
    "targetField" : "notification_sent_by_fk",
    "etag" : "8bfa588f-23b1-4111-8abd-47dc639ac198"
  } ],
  "name" : "user_tbl_notifications_tbl",
  "type" : "OneToMany",
  "custom" : false,
  "cascadeDelete" : false
}, {
  "sourceObject" : "user_tbl",
  "targetObject" : "vehicle_tbl",
  "relationshipKeys" : [ {
    "sourceField" : "user_emp_id_pk",
    "targetField" : "user_emp_id_fk",
    "etag" : "c1d6b306-9857-45df-89e6-38de164467a5"
  } ],
  "name" : "user_tbl_vehicle_tbl",
  "type" : "OneToMany",
  "custom" : false,
  "cascadeDelete" : false
} ]