{
  "type" : "lob",
  "custom" : false,
  "junction" : false,
  "customizable" : false,
  "verbs" : {
    "get" : "getMapping",
    "create" : "createMapping",
    "update" : "updateMapping",
    "delete" : "deleteMapping"
  },
  "entityProperties" : {
    "BatchMode" : "pagination",
    "SoftDeleteFlagField" : {
      "ActiveValue" : "false",
      "InactiveValue" : "true",
      "Name" : "SoftDeleteFlag"
    },
    "backendMeta" : {
      "backendObjectName" : "media",
      "qualifiedName" : "inspectionsoffline.media",
      "metadataformatterobject" : "{\"name\":\"media\",\"displayName\":\"media\",\"qualifiedName\":\"inspectionsoffline.media\",\"schemaName\":\"inspectionsoffline\",\"tableName\":\"media\",\"entityType\":\"com.kony.rdbms.metadata.model.AnnotatedTable\"}"
    },
    "designTimeBackendMeta" : {
      "backendObjectName" : "media",
      "qualifiedName" : "inspectionsoffline.media",
      "metadataformatterobject" : "{\"name\":\"media\",\"displayName\":\"media\",\"qualifiedName\":\"inspectionsoffline.media\",\"schemaName\":\"inspectionsoffline\",\"tableName\":\"media\",\"entityType\":\"com.kony.rdbms.metadata.model.AnnotatedTable\"}"
    }
  },
  "commonMappings" : [ {
    "sourceFieldName" : "extension",
    "targetField" : "extension",
    "type" : "request_response"
  }, {
    "sourceFieldName" : "CreatedTimestamp",
    "targetField" : "CreatedTimestamp",
    "type" : "request_response"
  }, {
    "sourceFieldName" : "media_base64",
    "targetField" : "media_base64",
    "type" : "request_response"
  }, {
    "sourceFieldName" : "LastUpdatedTimestamp",
    "targetField" : "LastUpdatedTimestamp",
    "type" : "request_response"
  }, {
    "sourceFieldName" : "media_id",
    "targetField" : "media_id",
    "type" : "request_response"
  }, {
    "sourceFieldName" : "id",
    "targetField" : "id",
    "type" : "request_response"
  }, {
    "sourceFieldName" : "SoftDeleteFlag",
    "targetField" : "SoftDeleteFlag",
    "type" : "request_response"
  }, {
    "sourceFieldName" : "type",
    "targetField" : "type",
    "type" : "request_response"
  }, {
    "sourceFieldName" : "Timestamp",
    "targetField" : "Timestamp",
    "type" : "request_response"
  }, {
    "sourceFieldName" : "url",
    "targetField" : "url",
    "type" : "request_response"
  } ]
}