[ {
  "entityTypeId" : "02635a5e-d11e-48c4-b66d-43a0486ee900",
  "id" : "71f27c84-86cb-461c-82e1-fd9407fa7b21",
  "name" : "Asset_Location_Id",
  "sourceFieldname" : "Asset_Location_Id",
  "description" : "Asset_Location_Id",
  "dataType" : "number",
  "hasIndex" : false,
  "unique" : false,
  "primarykey" : true,
  "namefield" : false,
  "nullable" : false,
  "custom" : false,
  "createable" : false,
  "updateable" : false,
  "audit" : false,
  "customizable" : false,
  "fieldLength" : 19,
  "precision" : 0,
  "fieldOrder" : 0,
  "fieldProperties" : {
    "autoGenerated" : "true"
  }
}, {
  "entityTypeId" : "02635a5e-d11e-48c4-b66d-43a0486ee900",
  "id" : "92c1ec7a-149f-48cd-b90b-1121b29f4a9b",
  "name" : "City",
  "sourceFieldname" : "City",
  "description" : "City",
  "dataType" : "string",
  "hasIndex" : false,
  "unique" : false,
  "primarykey" : false,
  "namefield" : false,
  "nullable" : true,
  "custom" : false,
  "createable" : true,
  "updateable" : true,
  "audit" : false,
  "customizable" : false,
  "fieldLength" : 45,
  "precision" : 0,
  "fieldOrder" : 0,
  "fieldProperties" : {
    "autoGenerated" : "false"
  }
}, {
  "entityTypeId" : "02635a5e-d11e-48c4-b66d-43a0486ee900",
  "id" : "23979390-bb3f-4275-b990-92617b00a9d2",
  "name" : "Country",
  "sourceFieldname" : "Country",
  "description" : "Country",
  "dataType" : "string",
  "hasIndex" : false,
  "unique" : false,
  "primarykey" : false,
  "namefield" : false,
  "nullable" : true,
  "custom" : false,
  "createable" : true,
  "updateable" : true,
  "audit" : false,
  "customizable" : false,
  "fieldLength" : 45,
  "precision" : 0,
  "fieldOrder" : 0,
  "fieldProperties" : {
    "autoGenerated" : "false"
  }
}, {
  "entityTypeId" : "02635a5e-d11e-48c4-b66d-43a0486ee900",
  "id" : "a93a479f-e5fa-4038-b6ea-2e516998587a",
  "name" : "CreatedTimestamp",
  "sourceFieldname" : "CreatedTimestamp",
  "description" : "CreatedTimestamp",
  "dataType" : "date",
  "hasIndex" : false,
  "unique" : false,
  "primarykey" : false,
  "namefield" : false,
  "nullable" : true,
  "custom" : false,
  "createable" : true,
  "updateable" : true,
  "audit" : false,
  "customizable" : false,
  "fieldLength" : 19,
  "precision" : 0,
  "fieldOrder" : 0,
  "fieldProperties" : {
    "autoGenerated" : "false"
  }
}, {
  "entityTypeId" : "02635a5e-d11e-48c4-b66d-43a0486ee900",
  "id" : "d98ed9ee-c368-49f0-bdf4-cae378ab7896",
  "name" : "Description",
  "sourceFieldname" : "Description",
  "description" : "Description",
  "dataType" : "string",
  "hasIndex" : false,
  "unique" : false,
  "primarykey" : false,
  "namefield" : false,
  "nullable" : true,
  "custom" : false,
  "createable" : true,
  "updateable" : true,
  "audit" : false,
  "customizable" : false,
  "fieldLength" : 45,
  "precision" : 0,
  "fieldOrder" : 0,
  "fieldProperties" : {
    "autoGenerated" : "false"
  }
}, {
  "entityTypeId" : "02635a5e-d11e-48c4-b66d-43a0486ee900",
  "id" : "24fae1bf-9a42-444d-a1c7-de2064fd115d",
  "name" : "Id",
  "sourceFieldname" : "Id",
  "description" : "Id",
  "dataType" : "string",
  "hasIndex" : false,
  "unique" : false,
  "primarykey" : false,
  "namefield" : false,
  "nullable" : false,
  "custom" : false,
  "createable" : true,
  "updateable" : true,
  "audit" : false,
  "customizable" : false,
  "fieldLength" : 50,
  "precision" : 0,
  "fieldOrder" : 0,
  "fieldProperties" : {
    "autoGenerated" : "false"
  }
}, {
  "entityTypeId" : "02635a5e-d11e-48c4-b66d-43a0486ee900",
  "id" : "bd65f1d9-80d7-475c-ae4a-f9aa4eeeadd0",
  "name" : "LastUpdatedTimestamp",
  "sourceFieldname" : "LastUpdatedTimestamp",
  "description" : "LastUpdatedTimestamp",
  "dataType" : "date",
  "hasIndex" : false,
  "unique" : false,
  "primarykey" : false,
  "namefield" : false,
  "nullable" : true,
  "custom" : false,
  "createable" : true,
  "updateable" : true,
  "audit" : false,
  "customizable" : false,
  "fieldLength" : 19,
  "precision" : 0,
  "fieldOrder" : 0,
  "fieldProperties" : {
    "autoGenerated" : "false"
  }
}, {
  "entityTypeId" : "02635a5e-d11e-48c4-b66d-43a0486ee900",
  "id" : "a42c95ec-244c-490d-866a-50b4230ba734",
  "name" : "Latitude",
  "sourceFieldname" : "Latitude",
  "description" : "Latitude",
  "dataType" : "string",
  "hasIndex" : false,
  "unique" : false,
  "primarykey" : false,
  "namefield" : false,
  "nullable" : true,
  "custom" : false,
  "createable" : true,
  "updateable" : true,
  "audit" : false,
  "customizable" : false,
  "fieldLength" : 45,
  "precision" : 0,
  "fieldOrder" : 0,
  "fieldProperties" : {
    "autoGenerated" : "false"
  }
}, {
  "entityTypeId" : "02635a5e-d11e-48c4-b66d-43a0486ee900",
  "id" : "a84af77d-3f8d-41fa-8e26-aa32df138bd6",
  "name" : "Longitude",
  "sourceFieldname" : "Longitude",
  "description" : "Longitude",
  "dataType" : "string",
  "hasIndex" : false,
  "unique" : false,
  "primarykey" : false,
  "namefield" : false,
  "nullable" : true,
  "custom" : false,
  "createable" : true,
  "updateable" : true,
  "audit" : false,
  "customizable" : false,
  "fieldLength" : 45,
  "precision" : 0,
  "fieldOrder" : 0,
  "fieldProperties" : {
    "autoGenerated" : "false"
  }
}, {
  "entityTypeId" : "02635a5e-d11e-48c4-b66d-43a0486ee900",
  "id" : "cf47864a-57aa-4a99-95b6-9da0fc11d609",
  "name" : "Post_Code",
  "sourceFieldname" : "Post_Code",
  "description" : "Post_Code",
  "dataType" : "string",
  "hasIndex" : false,
  "unique" : false,
  "primarykey" : false,
  "namefield" : false,
  "nullable" : true,
  "custom" : false,
  "createable" : true,
  "updateable" : true,
  "audit" : false,
  "customizable" : false,
  "fieldLength" : 45,
  "precision" : 0,
  "fieldOrder" : 0,
  "fieldProperties" : {
    "autoGenerated" : "false"
  }
}, {
  "entityTypeId" : "02635a5e-d11e-48c4-b66d-43a0486ee900",
  "id" : "7530912a-4a77-46d1-bb65-1730b3da805e",
  "name" : "Region",
  "sourceFieldname" : "Region",
  "description" : "Region",
  "dataType" : "string",
  "hasIndex" : false,
  "unique" : false,
  "primarykey" : false,
  "namefield" : false,
  "nullable" : true,
  "custom" : false,
  "createable" : true,
  "updateable" : true,
  "audit" : false,
  "customizable" : false,
  "fieldLength" : 45,
  "precision" : 0,
  "fieldOrder" : 0,
  "fieldProperties" : {
    "autoGenerated" : "false"
  }
}, {
  "entityTypeId" : "02635a5e-d11e-48c4-b66d-43a0486ee900",
  "id" : "39b4f111-19ea-4a27-91ab-1e3c2875f76c",
  "name" : "SoftDeleteFlag",
  "sourceFieldname" : "SoftDeleteFlag",
  "description" : "SoftDeleteFlag",
  "dataType" : "boolean",
  "hasIndex" : false,
  "unique" : false,
  "primarykey" : false,
  "namefield" : false,
  "nullable" : true,
  "custom" : false,
  "createable" : true,
  "updateable" : true,
  "audit" : false,
  "customizable" : false,
  "fieldLength" : 0,
  "precision" : 0,
  "fieldOrder" : 0,
  "fieldProperties" : {
    "autoGenerated" : "false"
  }
}, {
  "entityTypeId" : "02635a5e-d11e-48c4-b66d-43a0486ee900",
  "id" : "2712b754-2f42-47ed-a9af-21034d153f83",
  "name" : "Street",
  "sourceFieldname" : "Street",
  "description" : "Street",
  "dataType" : "string",
  "hasIndex" : false,
  "unique" : false,
  "primarykey" : false,
  "namefield" : false,
  "nullable" : true,
  "custom" : false,
  "createable" : true,
  "updateable" : true,
  "audit" : false,
  "customizable" : false,
  "fieldLength" : 45,
  "precision" : 0,
  "fieldOrder" : 0,
  "fieldProperties" : {
    "autoGenerated" : "false"
  }
} ]