[ {
  "entityTypeId" : "5aa4a850-5d6f-4e02-b2db-7ae8a8e1c529",
  "id" : "7e2a10d5-24b1-4963-86a9-f528164dc0e7",
  "name" : "Asset_Description",
  "sourceFieldname" : "Asset_Description",
  "description" : "Asset_Description",
  "dataType" : "string",
  "hasIndex" : false,
  "unique" : false,
  "primarykey" : false,
  "namefield" : false,
  "nullable" : true,
  "custom" : false,
  "createable" : true,
  "updateable" : true,
  "audit" : false,
  "customizable" : false,
  "fieldLength" : 500,
  "precision" : 0,
  "fieldOrder" : 0,
  "fieldProperties" : {
    "autoGenerated" : "false"
  }
}, {
  "entityTypeId" : "5aa4a850-5d6f-4e02-b2db-7ae8a8e1c529",
  "id" : "76e51676-2b67-4b5e-b615-187af07129eb",
  "name" : "Asset_Id",
  "sourceFieldname" : "Asset_Id",
  "description" : "Asset_Id",
  "dataType" : "number",
  "hasIndex" : false,
  "unique" : false,
  "primarykey" : true,
  "namefield" : false,
  "nullable" : false,
  "custom" : false,
  "createable" : false,
  "updateable" : false,
  "audit" : false,
  "customizable" : false,
  "fieldLength" : 19,
  "precision" : 0,
  "fieldOrder" : 0,
  "fieldProperties" : {
    "autoGenerated" : "true"
  }
}, {
  "entityTypeId" : "5aa4a850-5d6f-4e02-b2db-7ae8a8e1c529",
  "id" : "a87de787-0e37-4c3d-a86e-2ff30fd471d9",
  "name" : "Asset_Img_URL",
  "sourceFieldname" : "Asset_Img_URL",
  "description" : "Asset_Img_URL",
  "dataType" : "string",
  "hasIndex" : false,
  "unique" : false,
  "primarykey" : false,
  "namefield" : false,
  "nullable" : true,
  "custom" : false,
  "createable" : true,
  "updateable" : true,
  "audit" : false,
  "customizable" : false,
  "fieldLength" : 2048,
  "precision" : 0,
  "fieldOrder" : 0,
  "fieldProperties" : {
    "autoGenerated" : "false"
  }
}, {
  "entityTypeId" : "5aa4a850-5d6f-4e02-b2db-7ae8a8e1c529",
  "id" : "e4a081c8-760b-46c0-9408-a5796058faa0",
  "name" : "Asset_Location_Id",
  "sourceFieldname" : "Asset_Location_Id",
  "description" : "Asset_Location_Id",
  "dataType" : "string",
  "hasIndex" : false,
  "unique" : false,
  "primarykey" : false,
  "namefield" : false,
  "nullable" : false,
  "custom" : false,
  "createable" : true,
  "updateable" : true,
  "audit" : false,
  "customizable" : false,
  "fieldLength" : 50,
  "precision" : 0,
  "fieldOrder" : 0,
  "fieldProperties" : {
    "autoGenerated" : "false"
  }
}, {
  "entityTypeId" : "5aa4a850-5d6f-4e02-b2db-7ae8a8e1c529",
  "id" : "6f5b902a-8a2f-4bda-b7a0-f34b9d3ecd12",
  "name" : "Asset_Type_Id",
  "sourceFieldname" : "Asset_Type_Id",
  "description" : "Asset_Type_Id",
  "dataType" : "string",
  "hasIndex" : false,
  "unique" : false,
  "primarykey" : false,
  "namefield" : false,
  "nullable" : false,
  "custom" : false,
  "createable" : true,
  "updateable" : true,
  "audit" : false,
  "customizable" : false,
  "fieldLength" : 50,
  "precision" : 0,
  "fieldOrder" : 0,
  "fieldProperties" : {
    "autoGenerated" : "false"
  }
}, {
  "entityTypeId" : "5aa4a850-5d6f-4e02-b2db-7ae8a8e1c529",
  "id" : "f0371909-13db-465e-9731-8678f4c4947c",
  "name" : "CreatedTimestamp",
  "sourceFieldname" : "CreatedTimestamp",
  "description" : "CreatedTimestamp",
  "dataType" : "date",
  "hasIndex" : false,
  "unique" : false,
  "primarykey" : false,
  "namefield" : false,
  "nullable" : true,
  "custom" : false,
  "createable" : true,
  "updateable" : true,
  "audit" : false,
  "customizable" : false,
  "fieldLength" : 19,
  "precision" : 0,
  "fieldOrder" : 0,
  "fieldProperties" : {
    "autoGenerated" : "false"
  }
}, {
  "entityTypeId" : "5aa4a850-5d6f-4e02-b2db-7ae8a8e1c529",
  "id" : "fda2f921-0db9-4770-b0eb-2043813f3b25",
  "name" : "Id",
  "sourceFieldname" : "Id",
  "description" : "Id",
  "dataType" : "string",
  "hasIndex" : false,
  "unique" : false,
  "primarykey" : false,
  "namefield" : false,
  "nullable" : true,
  "custom" : false,
  "createable" : true,
  "updateable" : true,
  "audit" : false,
  "customizable" : false,
  "fieldLength" : 50,
  "precision" : 0,
  "fieldOrder" : 0,
  "fieldProperties" : {
    "autoGenerated" : "false"
  }
}, {
  "entityTypeId" : "5aa4a850-5d6f-4e02-b2db-7ae8a8e1c529",
  "id" : "2747eb14-cd98-4379-b354-f17a3747ad45",
  "name" : "image_base64",
  "sourceFieldname" : "image_base64",
  "description" : "image_base64",
  "dataType" : "string",
  "hasIndex" : false,
  "unique" : false,
  "primarykey" : false,
  "namefield" : false,
  "nullable" : true,
  "custom" : false,
  "createable" : true,
  "updateable" : true,
  "audit" : false,
  "customizable" : false,
  "fieldLength" : 2147483647,
  "precision" : 0,
  "fieldOrder" : 0,
  "fieldProperties" : {
    "autoGenerated" : "false"
  }
}, {
  "entityTypeId" : "5aa4a850-5d6f-4e02-b2db-7ae8a8e1c529",
  "id" : "763cd66e-114e-4b86-8f30-55dc6bb2fd75",
  "name" : "LastUpdatedTimestamp",
  "sourceFieldname" : "LastUpdatedTimestamp",
  "description" : "LastUpdatedTimestamp",
  "dataType" : "date",
  "hasIndex" : false,
  "unique" : false,
  "primarykey" : false,
  "namefield" : false,
  "nullable" : true,
  "custom" : false,
  "createable" : true,
  "updateable" : true,
  "audit" : false,
  "customizable" : false,
  "fieldLength" : 19,
  "precision" : 0,
  "fieldOrder" : 0,
  "fieldProperties" : {
    "autoGenerated" : "false"
  }
}, {
  "entityTypeId" : "5aa4a850-5d6f-4e02-b2db-7ae8a8e1c529",
  "id" : "3fc31c75-e5b0-4f31-b8f9-47f73cacf9e4",
  "name" : "Manufacture_Model_Nbr",
  "sourceFieldname" : "Manufacture_Model_Nbr",
  "description" : "Manufacture_Model_Nbr",
  "dataType" : "string",
  "hasIndex" : false,
  "unique" : false,
  "primarykey" : false,
  "namefield" : false,
  "nullable" : true,
  "custom" : false,
  "createable" : true,
  "updateable" : true,
  "audit" : false,
  "customizable" : false,
  "fieldLength" : 100,
  "precision" : 0,
  "fieldOrder" : 0,
  "fieldProperties" : {
    "autoGenerated" : "false"
  }
}, {
  "entityTypeId" : "5aa4a850-5d6f-4e02-b2db-7ae8a8e1c529",
  "id" : "dfcf08ab-962e-4f01-9abc-df235054aad2",
  "name" : "Manufacture_Part_Nbr",
  "sourceFieldname" : "Manufacture_Part_Nbr",
  "description" : "Manufacture_Part_Nbr",
  "dataType" : "string",
  "hasIndex" : false,
  "unique" : false,
  "primarykey" : false,
  "namefield" : false,
  "nullable" : true,
  "custom" : false,
  "createable" : true,
  "updateable" : true,
  "audit" : false,
  "customizable" : false,
  "fieldLength" : 100,
  "precision" : 0,
  "fieldOrder" : 0,
  "fieldProperties" : {
    "autoGenerated" : "false"
  }
}, {
  "entityTypeId" : "5aa4a850-5d6f-4e02-b2db-7ae8a8e1c529",
  "id" : "765e778c-57bb-4cdf-963a-4ed0e5d0b934",
  "name" : "Manufacture_Serial_Nbr",
  "sourceFieldname" : "Manufacture_Serial_Nbr",
  "description" : "Manufacture_Serial_Nbr",
  "dataType" : "string",
  "hasIndex" : false,
  "unique" : false,
  "primarykey" : false,
  "namefield" : false,
  "nullable" : true,
  "custom" : false,
  "createable" : true,
  "updateable" : true,
  "audit" : false,
  "customizable" : false,
  "fieldLength" : 100,
  "precision" : 0,
  "fieldOrder" : 0,
  "fieldProperties" : {
    "autoGenerated" : "false"
  }
}, {
  "entityTypeId" : "5aa4a850-5d6f-4e02-b2db-7ae8a8e1c529",
  "id" : "7be7ea7c-119d-405e-b5bb-c06bde307f39",
  "name" : "Reference_Doc",
  "sourceFieldname" : "Reference_Doc",
  "description" : "Reference_Doc",
  "dataType" : "string",
  "hasIndex" : false,
  "unique" : false,
  "primarykey" : false,
  "namefield" : false,
  "nullable" : true,
  "custom" : false,
  "createable" : true,
  "updateable" : true,
  "audit" : false,
  "customizable" : false,
  "fieldLength" : 2147483647,
  "precision" : 0,
  "fieldOrder" : 0,
  "fieldProperties" : {
    "autoGenerated" : "false"
  }
}, {
  "entityTypeId" : "5aa4a850-5d6f-4e02-b2db-7ae8a8e1c529",
  "id" : "83a650ae-292d-490b-8ebf-17006f3aa72a",
  "name" : "Representer_Id",
  "sourceFieldname" : "Representer_Id",
  "description" : "Representer_Id",
  "dataType" : "number",
  "hasIndex" : false,
  "unique" : false,
  "primarykey" : false,
  "namefield" : false,
  "nullable" : true,
  "custom" : false,
  "createable" : true,
  "updateable" : true,
  "audit" : false,
  "customizable" : false,
  "fieldLength" : 19,
  "precision" : 0,
  "fieldOrder" : 0,
  "fieldProperties" : {
    "autoGenerated" : "false"
  }
}, {
  "entityTypeId" : "5aa4a850-5d6f-4e02-b2db-7ae8a8e1c529",
  "id" : "c2770196-287e-4e86-a866-cf5c4ed10744",
  "name" : "SoftDeleteFlag",
  "sourceFieldname" : "SoftDeleteFlag",
  "description" : "SoftDeleteFlag",
  "dataType" : "boolean",
  "hasIndex" : false,
  "unique" : false,
  "primarykey" : false,
  "namefield" : false,
  "nullable" : true,
  "custom" : false,
  "createable" : true,
  "updateable" : true,
  "audit" : false,
  "customizable" : false,
  "fieldLength" : 0,
  "precision" : 0,
  "fieldOrder" : 0,
  "fieldProperties" : {
    "autoGenerated" : "false"
  }
} ]