[ {
  "sourceObject" : "user_tbl",
  "targetObject" : "checkpoints_tbl",
  "relationshipKeys" : [ {
    "sourceField" : "user_emp_id_pk",
    "targetField" : "checkpoint_reported_by_fk",
    "etag" : "bb8e7ae5-2f99-489f-89d0-a5287a09c68b"
  } ],
  "name" : "user_tbl_checkpoints_tbl",
  "type" : "OneToMany",
  "custom" : false,
  "cascadeDelete" : false
}, {
  "sourceObject" : "user_tbl",
  "targetObject" : "incident_notification_tbl",
  "relationshipKeys" : [ {
    "sourceField" : "user_emp_id_pk",
    "targetField" : "admin_emp_id_responded_fk",
    "etag" : "85e67cd2-514b-4fbb-a694-0e2393b4ff7d"
  } ],
  "name" : "user_tbl_incident_notification_tbl",
  "type" : "OneToMany",
  "custom" : false,
  "cascadeDelete" : false
}, {
  "sourceObject" : "user_tbl",
  "targetObject" : "journey_tbl",
  "relationshipKeys" : [ {
    "sourceField" : "user_emp_id_pk",
    "targetField" : "user_emp_id_fk",
    "etag" : "c813f651-a292-4e02-ac32-5408b444f9c0"
  } ],
  "name" : "user_tbl_journey_tbl",
  "type" : "OneToMany",
  "custom" : false,
  "cascadeDelete" : false
}, {
  "sourceObject" : "user_tbl",
  "targetObject" : "journey_tbl",
  "relationshipKeys" : [ {
    "sourceField" : "user_emp_id_pk",
    "targetField" : "journey_created_by_fk",
    "etag" : "a54ef82b-c371-4097-86ff-9a0253bdefa6"
  } ],
  "name" : "user_tbl_journey_tbl_1",
  "type" : "OneToMany",
  "custom" : false,
  "cascadeDelete" : false
}, {
  "sourceObject" : "user_tbl",
  "targetObject" : "journey_tbl",
  "relationshipKeys" : [ {
    "sourceField" : "user_emp_id_pk",
    "targetField" : "journey_last_updated_by",
    "etag" : "ee5d95e4-7c3a-48dc-9cae-d5910b178148"
  } ],
  "name" : "user_tbl_journey_tbl_2",
  "type" : "OneToMany",
  "custom" : false,
  "cascadeDelete" : false
}, {
  "sourceObject" : "user_tbl",
  "targetObject" : "notifications_tbl",
  "relationshipKeys" : [ {
    "sourceField" : "user_emp_id_pk",
    "targetField" : "notification_sent_by_fk",
    "etag" : "94f9d235-c736-4efb-8a88-9e711a8845f0"
  } ],
  "name" : "user_tbl_notifications_tbl",
  "type" : "OneToMany",
  "custom" : false,
  "cascadeDelete" : false
}, {
  "sourceObject" : "user_tbl",
  "targetObject" : "vehicle_tbl",
  "relationshipKeys" : [ {
    "sourceField" : "user_emp_id_pk",
    "targetField" : "user_emp_id_fk",
    "etag" : "578ac491-27da-4454-8ea3-7d8e5f10a152"
  } ],
  "name" : "user_tbl_vehicle_tbl",
  "type" : "OneToMany",
  "custom" : false,
  "cascadeDelete" : false
} ]