{
  "version" : "1.0",
  "intSvcs" : [ {
    "name" : "DistanceMatrix",
    "version" : "1.0"
  }, {
    "name" : "fmgKMSService",
    "version" : "1.0"
  }, {
    "name" : "fmgPushAccLogin",
    "version" : "1.0"
  }, {
    "name" : "journeyGroupSvc",
    "version" : "1.0"
  }, {
    "name" : "NTLMService",
    "version" : "1.0"
  }, {
    "name" : "PlaceAutocomplete",
    "version" : "1.0"
  }, {
    "name" : "PlaceDetail",
    "version" : "1.0"
  }, {
    "name" : "ReverseGeoCode",
    "version" : "1.0"
  } ],
  "orchSvcs" : [ {
    "name" : "fmgOrchSvcForPush",
    "version" : "1.0"
  } ],
  "objectSvcs" : [ {
    "name" : "JourneyOfflineObjectServiceNew",
    "version" : "1.0"
  } ],
  "identity" : [ "FMGADFS" ]
}