[ {
  "entityTypeId" : "f5a74572-ca97-4c07-80db-e360d29ce032",
  "id" : "0b0bb7ca-d3d3-48a7-9f8f-ea9d59b33ae1",
  "name" : "Asset_Id",
  "sourceFieldname" : "Asset_Id",
  "description" : "Asset_Id",
  "dataType" : "number",
  "hasIndex" : false,
  "unique" : false,
  "primarykey" : false,
  "namefield" : false,
  "nullable" : false,
  "custom" : false,
  "createable" : true,
  "updateable" : true,
  "audit" : false,
  "customizable" : false,
  "fieldLength" : 19,
  "precision" : 0,
  "fieldOrder" : 0,
  "fieldProperties" : {
    "autoGenerated" : "false"
  }
}, {
  "entityTypeId" : "f5a74572-ca97-4c07-80db-e360d29ce032",
  "id" : "584edfdf-70a7-45d8-a601-3b3968fbb48d",
  "name" : "Asset_Measurement_Set_Id",
  "sourceFieldname" : "Asset_Measurement_Set_Id",
  "description" : "Asset_Measurement_Set_Id",
  "dataType" : "number",
  "hasIndex" : false,
  "unique" : false,
  "primarykey" : true,
  "namefield" : false,
  "nullable" : false,
  "custom" : false,
  "createable" : false,
  "updateable" : false,
  "audit" : false,
  "customizable" : false,
  "fieldLength" : 19,
  "precision" : 0,
  "fieldOrder" : 0,
  "fieldProperties" : {
    "autoGenerated" : "true"
  }
}, {
  "entityTypeId" : "f5a74572-ca97-4c07-80db-e360d29ce032",
  "id" : "a86ab518-8f4f-4203-8429-eda6fd415db3",
  "name" : "CreatedTimestamp",
  "sourceFieldname" : "CreatedTimestamp",
  "description" : "CreatedTimestamp",
  "dataType" : "date",
  "hasIndex" : false,
  "unique" : false,
  "primarykey" : false,
  "namefield" : false,
  "nullable" : true,
  "custom" : false,
  "createable" : true,
  "updateable" : true,
  "audit" : false,
  "customizable" : false,
  "fieldLength" : 19,
  "precision" : 0,
  "fieldOrder" : 0,
  "fieldProperties" : {
    "autoGenerated" : "false"
  }
}, {
  "entityTypeId" : "f5a74572-ca97-4c07-80db-e360d29ce032",
  "id" : "b5457522-df44-4c78-aa70-95f2c30cac70",
  "name" : "LastUpdatedTimestamp",
  "sourceFieldname" : "LastUpdatedTimestamp",
  "description" : "LastUpdatedTimestamp",
  "dataType" : "date",
  "hasIndex" : false,
  "unique" : false,
  "primarykey" : false,
  "namefield" : false,
  "nullable" : true,
  "custom" : false,
  "createable" : true,
  "updateable" : true,
  "audit" : false,
  "customizable" : false,
  "fieldLength" : 19,
  "precision" : 0,
  "fieldOrder" : 0,
  "fieldProperties" : {
    "autoGenerated" : "false"
  }
}, {
  "entityTypeId" : "f5a74572-ca97-4c07-80db-e360d29ce032",
  "id" : "93eea818-0462-47f7-ac96-fbeb51b4c227",
  "name" : "Measurement_Set_Id",
  "sourceFieldname" : "Measurement_Set_Id",
  "description" : "Measurement_Set_Id",
  "dataType" : "number",
  "hasIndex" : false,
  "unique" : false,
  "primarykey" : false,
  "namefield" : false,
  "nullable" : false,
  "custom" : false,
  "createable" : true,
  "updateable" : true,
  "audit" : false,
  "customizable" : false,
  "fieldLength" : 19,
  "precision" : 0,
  "fieldOrder" : 0,
  "fieldProperties" : {
    "autoGenerated" : "false"
  }
}, {
  "entityTypeId" : "f5a74572-ca97-4c07-80db-e360d29ce032",
  "id" : "0bad2f1f-8d4a-4f33-9aab-d205936a69fd",
  "name" : "SoftDeleteFlag",
  "sourceFieldname" : "SoftDeleteFlag",
  "description" : "SoftDeleteFlag",
  "dataType" : "boolean",
  "hasIndex" : false,
  "unique" : false,
  "primarykey" : false,
  "namefield" : false,
  "nullable" : true,
  "custom" : false,
  "createable" : true,
  "updateable" : true,
  "audit" : false,
  "customizable" : false,
  "fieldLength" : 0,
  "precision" : 0,
  "fieldOrder" : 0,
  "fieldProperties" : {
    "autoGenerated" : "false"
  }
} ]