{
  "type" : "lob",
  "custom" : false,
  "junction" : false,
  "customizable" : false,
  "verbs" : {
    "get" : "getMapping",
    "create" : "createMapping",
    "update" : "updateMapping",
    "delete" : "deleteMapping"
  },
  "entityProperties" : {
    "BatchMode" : "pagination",
    "SoftDeleteFlagField" : {
      "ActiveValue" : "false",
      "InactiveValue" : "true",
      "Name" : "SoftDeleteFlag"
    },
    "backendMeta" : {
      "backendObjectName" : "asset_measurement_set",
      "qualifiedName" : "inspectionsoffline.asset_measurement_set",
      "metadataformatterobject" : "{\"name\":\"asset_measurement_set\",\"displayName\":\"asset_measurement_set\",\"qualifiedName\":\"inspectionsoffline.asset_measurement_set\",\"schemaName\":\"inspectionsoffline\",\"tableName\":\"asset_measurement_set\",\"entityType\":\"com.kony.rdbms.metadata.model.AnnotatedTable\"}"
    },
    "designTimeBackendMeta" : {
      "backendObjectName" : "asset_measurement_set",
      "qualifiedName" : "inspectionsoffline.asset_measurement_set",
      "metadataformatterobject" : "{\"name\":\"asset_measurement_set\",\"displayName\":\"asset_measurement_set\",\"qualifiedName\":\"inspectionsoffline.asset_measurement_set\",\"schemaName\":\"inspectionsoffline\",\"tableName\":\"asset_measurement_set\",\"entityType\":\"com.kony.rdbms.metadata.model.AnnotatedTable\"}"
    }
  },
  "commonMappings" : [ {
    "sourceFieldName" : "Asset_Id",
    "targetField" : "Asset_Id",
    "type" : "request_response"
  }, {
    "sourceFieldName" : "Measurement_Set_Id",
    "targetField" : "Measurement_Set_Id",
    "type" : "request_response"
  }, {
    "sourceFieldName" : "CreatedTimestamp",
    "targetField" : "CreatedTimestamp",
    "type" : "request_response"
  }, {
    "sourceFieldName" : "LastUpdatedTimestamp",
    "targetField" : "LastUpdatedTimestamp",
    "type" : "request_response"
  }, {
    "sourceFieldName" : "Asset_Measurement_Set_Id",
    "targetField" : "Asset_Measurement_Set_Id",
    "type" : "request_response"
  }, {
    "sourceFieldName" : "SoftDeleteFlag",
    "targetField" : "SoftDeleteFlag",
    "type" : "request_response"
  } ]
}