[ {
  "entityTypeId" : "1ba23936-3c48-4c4e-a126-b02011e644f3",
  "id" : "0a88523c-2faf-4d7d-a6d6-6063c8a22bc6",
  "name" : "CreatedTimestamp",
  "sourceFieldname" : "CreatedTimestamp",
  "description" : "CreatedTimestamp",
  "dataType" : "date",
  "hasIndex" : false,
  "unique" : false,
  "primarykey" : false,
  "namefield" : false,
  "nullable" : true,
  "custom" : false,
  "createable" : true,
  "updateable" : true,
  "audit" : false,
  "customizable" : false,
  "fieldLength" : 19,
  "precision" : 0,
  "fieldOrder" : 0,
  "fieldProperties" : {
    "autoGenerated" : "false"
  }
}, {
  "entityTypeId" : "1ba23936-3c48-4c4e-a126-b02011e644f3",
  "id" : "31a76fa0-3dbd-4bba-b052-bf9836064c80",
  "name" : "id",
  "sourceFieldname" : "id",
  "description" : "id",
  "dataType" : "number",
  "hasIndex" : false,
  "unique" : false,
  "primarykey" : false,
  "namefield" : false,
  "nullable" : true,
  "custom" : false,
  "createable" : true,
  "updateable" : true,
  "audit" : false,
  "customizable" : false,
  "fieldLength" : 10,
  "precision" : 0,
  "fieldOrder" : 0,
  "fieldProperties" : {
    "autoGenerated" : "false"
  }
}, {
  "entityTypeId" : "1ba23936-3c48-4c4e-a126-b02011e644f3",
  "id" : "d9e2a6c7-37f7-4ae0-a9a0-285f81466f6c",
  "name" : "Inspection_Id",
  "sourceFieldname" : "Inspection_Id",
  "description" : "Inspection_Id",
  "dataType" : "number",
  "hasIndex" : false,
  "unique" : false,
  "primarykey" : false,
  "namefield" : false,
  "nullable" : false,
  "custom" : false,
  "createable" : true,
  "updateable" : true,
  "audit" : false,
  "customizable" : false,
  "fieldLength" : 19,
  "precision" : 0,
  "fieldOrder" : 0,
  "fieldProperties" : {
    "autoGenerated" : "false"
  }
}, {
  "entityTypeId" : "1ba23936-3c48-4c4e-a126-b02011e644f3",
  "id" : "3faafabc-8a8e-42c9-b04e-4a3a2198d8cc",
  "name" : "Inspection_Timestamp",
  "sourceFieldname" : "Inspection_Timestamp",
  "description" : "Inspection_Timestamp",
  "dataType" : "date",
  "hasIndex" : false,
  "unique" : false,
  "primarykey" : false,
  "namefield" : false,
  "nullable" : false,
  "custom" : false,
  "createable" : true,
  "updateable" : true,
  "audit" : false,
  "customizable" : false,
  "fieldLength" : 19,
  "precision" : 0,
  "fieldOrder" : 0,
  "fieldProperties" : {
    "autoGenerated" : "false"
  }
}, {
  "entityTypeId" : "1ba23936-3c48-4c4e-a126-b02011e644f3",
  "id" : "0bbb92ba-386d-4027-85a5-e8a636532b49",
  "name" : "Inspection_Value",
  "sourceFieldname" : "Inspection_Value",
  "description" : "Inspection_Value",
  "dataType" : "string",
  "hasIndex" : false,
  "unique" : false,
  "primarykey" : false,
  "namefield" : false,
  "nullable" : true,
  "custom" : false,
  "createable" : true,
  "updateable" : true,
  "audit" : false,
  "customizable" : false,
  "fieldLength" : 300,
  "precision" : 0,
  "fieldOrder" : 0,
  "fieldProperties" : {
    "autoGenerated" : "false"
  }
}, {
  "entityTypeId" : "1ba23936-3c48-4c4e-a126-b02011e644f3",
  "id" : "dd1dc2fc-bc66-4190-93d4-5f15cb689f9f",
  "name" : "LastUpdatedTimestamp",
  "sourceFieldname" : "LastUpdatedTimestamp",
  "description" : "LastUpdatedTimestamp",
  "dataType" : "date",
  "hasIndex" : false,
  "unique" : false,
  "primarykey" : false,
  "namefield" : false,
  "nullable" : true,
  "custom" : false,
  "createable" : true,
  "updateable" : true,
  "audit" : false,
  "customizable" : false,
  "fieldLength" : 19,
  "precision" : 0,
  "fieldOrder" : 0,
  "fieldProperties" : {
    "autoGenerated" : "false"
  }
}, {
  "entityTypeId" : "1ba23936-3c48-4c4e-a126-b02011e644f3",
  "id" : "bb696385-9c71-4698-87ab-18b378f271dc",
  "name" : "Measurement_History_Id",
  "sourceFieldname" : "Measurement_History_Id",
  "description" : "Measurement_History_Id",
  "dataType" : "number",
  "hasIndex" : false,
  "unique" : false,
  "primarykey" : true,
  "namefield" : false,
  "nullable" : false,
  "custom" : false,
  "createable" : false,
  "updateable" : false,
  "audit" : false,
  "customizable" : false,
  "fieldLength" : 19,
  "precision" : 0,
  "fieldOrder" : 0,
  "fieldProperties" : {
    "autoGenerated" : "true"
  }
}, {
  "entityTypeId" : "1ba23936-3c48-4c4e-a126-b02011e644f3",
  "id" : "3ddf7929-a8ae-4fcf-94a6-c9923f775b37",
  "name" : "Measurement_Images_Id",
  "sourceFieldname" : "Measurement_Images_Id",
  "description" : "Measurement_Images_Id",
  "dataType" : "number",
  "hasIndex" : false,
  "unique" : false,
  "primarykey" : false,
  "namefield" : false,
  "nullable" : true,
  "custom" : false,
  "createable" : true,
  "updateable" : true,
  "audit" : false,
  "customizable" : false,
  "fieldLength" : 19,
  "precision" : 0,
  "fieldOrder" : 0,
  "fieldProperties" : {
    "autoGenerated" : "false"
  }
}, {
  "entityTypeId" : "1ba23936-3c48-4c4e-a126-b02011e644f3",
  "id" : "0b9056d0-5322-43a1-967b-66b365bb486c",
  "name" : "Measurement_Range_Id",
  "sourceFieldname" : "Measurement_Range_Id",
  "description" : "Measurement_Range_Id",
  "dataType" : "number",
  "hasIndex" : false,
  "unique" : false,
  "primarykey" : false,
  "namefield" : false,
  "nullable" : false,
  "custom" : false,
  "createable" : true,
  "updateable" : true,
  "audit" : false,
  "customizable" : false,
  "fieldLength" : 19,
  "precision" : 0,
  "fieldOrder" : 0,
  "fieldProperties" : {
    "autoGenerated" : "false"
  }
}, {
  "entityTypeId" : "1ba23936-3c48-4c4e-a126-b02011e644f3",
  "id" : "6942b552-5bcc-45de-869e-3404a6d6e007",
  "name" : "Measurement_Set_Id",
  "sourceFieldname" : "Measurement_Set_Id",
  "description" : "Measurement_Set_Id",
  "dataType" : "number",
  "hasIndex" : false,
  "unique" : false,
  "primarykey" : false,
  "namefield" : false,
  "nullable" : false,
  "custom" : false,
  "createable" : true,
  "updateable" : true,
  "audit" : false,
  "customizable" : false,
  "fieldLength" : 19,
  "precision" : 0,
  "fieldOrder" : 0,
  "fieldProperties" : {
    "autoGenerated" : "false"
  }
}, {
  "entityTypeId" : "1ba23936-3c48-4c4e-a126-b02011e644f3",
  "id" : "0165b43b-9a6b-4a8b-badd-b53a56e27d38",
  "name" : "Response_Type",
  "sourceFieldname" : "Response_Type",
  "description" : "Response_Type",
  "dataType" : "string",
  "hasIndex" : false,
  "unique" : false,
  "primarykey" : false,
  "namefield" : false,
  "nullable" : true,
  "custom" : false,
  "createable" : true,
  "updateable" : true,
  "audit" : false,
  "customizable" : false,
  "fieldLength" : 50,
  "precision" : 0,
  "fieldOrder" : 0,
  "fieldProperties" : {
    "autoGenerated" : "false"
  }
}, {
  "entityTypeId" : "1ba23936-3c48-4c4e-a126-b02011e644f3",
  "id" : "d09cb698-30d4-4518-9599-b55965fbd349",
  "name" : "SoftDeleteFlag",
  "sourceFieldname" : "SoftDeleteFlag",
  "description" : "SoftDeleteFlag",
  "dataType" : "boolean",
  "hasIndex" : false,
  "unique" : false,
  "primarykey" : false,
  "namefield" : false,
  "nullable" : true,
  "custom" : false,
  "createable" : true,
  "updateable" : true,
  "audit" : false,
  "customizable" : false,
  "fieldLength" : 0,
  "precision" : 0,
  "fieldOrder" : 0,
  "fieldProperties" : {
    "autoGenerated" : "false"
  }
}, {
  "entityTypeId" : "1ba23936-3c48-4c4e-a126-b02011e644f3",
  "id" : "41fb2927-8dd5-4a1a-9525-2c6e72a0d474",
  "name" : "Timestamp",
  "sourceFieldname" : "Timestamp",
  "description" : "Timestamp",
  "dataType" : "date",
  "hasIndex" : false,
  "unique" : false,
  "primarykey" : false,
  "namefield" : false,
  "nullable" : true,
  "custom" : false,
  "createable" : true,
  "updateable" : true,
  "audit" : false,
  "customizable" : false,
  "fieldLength" : 10,
  "precision" : 0,
  "fieldOrder" : 0,
  "fieldProperties" : {
    "autoGenerated" : "false"
  }
} ]