[ {
  "sourceObject" : "language_master_tbl",
  "targetObject" : "guides_manuals_tbl",
  "relationshipKeys" : [ {
    "sourceField" : "language_id_pk",
    "targetField" : "language_id_fk",
    "etag" : "07359a09-8cb6-4186-a925-1e42244e95dc"
  } ],
  "name" : "language_master_tbl_guides_manuals_tbl",
  "type" : "OneToMany",
  "custom" : false,
  "cascadeDelete" : false
}, {
  "sourceObject" : "language_master_tbl",
  "targetObject" : "question_localisation_mapping_tbl",
  "relationshipKeys" : [ {
    "sourceField" : "language_id_pk",
    "targetField" : "language_id_fk",
    "etag" : "db5d7c39-b8e5-48f9-aa25-d54282cd825f"
  } ],
  "name" : "language_master_tbl_question_localisation_mapping_tbl",
  "type" : "OneToMany",
  "custom" : false,
  "cascadeDelete" : false
} ]