[ {
  "sourceObject" : "vehicle_tbl",
  "targetObject" : "journey_tbl",
  "relationshipKeys" : [ {
    "sourceField" : "vehicle_id_pk",
    "targetField" : "journey_selected_vehicle_id_fk",
    "etag" : "39348a54-35a2-42a1-92ca-f39bcc3dbd71"
  } ],
  "name" : "vehicle_tbl_journey_tbl",
  "type" : "OneToMany",
  "custom" : false,
  "cascadeDelete" : false
}, {
  "sourceObject" : "vehicle_tbl",
  "targetObject" : "vehicle_images_tbl",
  "relationshipKeys" : [ {
    "sourceField" : "vehicle_id_pk",
    "targetField" : "vehicle_id_fk",
    "etag" : "fc1419c3-da56-481b-a75c-b43ae532a821"
  } ],
  "name" : "vehicle_tbl_vehicle_images_tbl",
  "type" : "OneToMany",
  "custom" : false,
  "cascadeDelete" : false
} ]