{
  "operationConfig" : {
    "name" : "createmeasurementhstry1411",
    "type" : "MappedToBackend",
    "cachable" : false,
    "smsEnabled" : false,
    "security" : "authorized_app_user",
    "responseEncoding" : "UTF-8",
    "httpMethod" : "GET",
    "decodeResponseBody" : false,
    "referencingEndpoint" : "default",
    "inputs" : [ {
      "id" : "Response_Type",
      "scope" : "request",
      "dataType" : "string",
      "encode" : true,
      "passNull" : false
    }, {
      "id" : "Inspection_Timestamp",
      "scope" : "request",
      "dataType" : "date",
      "encode" : true,
      "passNull" : false
    }, {
      "id" : "Inspection_Value",
      "scope" : "request",
      "dataType" : "string",
      "encode" : true,
      "passNull" : false
    }, {
      "id" : "SoftDeleteFlag",
      "scope" : "request",
      "dataType" : "boolean",
      "encode" : true,
      "passNull" : false
    }, {
      "id" : "Timestamp",
      "scope" : "request",
      "dataType" : "date",
      "encode" : true,
      "passNull" : false
    }, {
      "id" : "Inspection_Id",
      "scope" : "request",
      "dataType" : "number",
      "encode" : true,
      "passNull" : false
    }, {
      "id" : "Measurement_Range_Id",
      "scope" : "request",
      "dataType" : "number",
      "encode" : true,
      "passNull" : false
    }, {
      "id" : "Measurement_Set_Id",
      "scope" : "request",
      "dataType" : "number",
      "encode" : true,
      "passNull" : false
    }, {
      "id" : "Measurement_Images_Id",
      "scope" : "request",
      "dataType" : "number",
      "encode" : true,
      "passNull" : false
    }, {
      "id" : "id",
      "scope" : "request",
      "dataType" : "number",
      "encode" : true,
      "passNull" : false
    }, {
      "id" : "CreatedTimestamp",
      "scope" : "request",
      "dataType" : "date",
      "encode" : true,
      "passNull" : false
    }, {
      "id" : "LastUpdatedTimestamp",
      "scope" : "request",
      "dataType" : "date",
      "encode" : true,
      "passNull" : false
    } ],
    "applyCommonMapping" : true,
    "applyRequestCommonMapping" : true,
    "applyResponseCommonMapping" : true,
    "entityMetadata" : "{\"entityAttributeTypeList\":[{\"name\":\"Measurement_History_Id\",\"jdbcType\":-5,\"columnTypeName\":\"BIGINT\",\"columnDecimalDigits\":0,\"autoGenerated\":true,\"creatable\":false,\"updatable\":false,\"primary\":true,\"softDelete\":false,\"lastModified\":false},{\"name\":\"Response_Type\",\"jdbcType\":12,\"columnTypeName\":\"VARCHAR\",\"columnDecimalDigits\":0,\"autoGenerated\":false,\"creatable\":true,\"updatable\":true,\"primary\":false,\"softDelete\":false,\"lastModified\":false},{\"name\":\"Inspection_Timestamp\",\"jdbcType\":93,\"columnTypeName\":\"TIMESTAMP\",\"columnDecimalDigits\":0,\"autoGenerated\":false,\"creatable\":true,\"updatable\":true,\"primary\":false,\"softDelete\":false,\"lastModified\":false},{\"name\":\"Inspection_Value\",\"jdbcType\":12,\"columnTypeName\":\"VARCHAR\",\"columnDecimalDigits\":0,\"autoGenerated\":false,\"creatable\":true,\"updatable\":true,\"primary\":false,\"softDelete\":false,\"lastModified\":false},{\"name\":\"SoftDeleteFlag\",\"jdbcType\":-7,\"columnTypeName\":\"BIT\",\"columnDecimalDigits\":0,\"autoGenerated\":false,\"creatable\":true,\"updatable\":true,\"primary\":false,\"softDelete\":true,\"lastModified\":false},{\"name\":\"Timestamp\",\"jdbcType\":91,\"columnTypeName\":\"DATE\",\"columnDecimalDigits\":0,\"autoGenerated\":false,\"creatable\":true,\"updatable\":true,\"primary\":false,\"softDelete\":false,\"lastModified\":false},{\"name\":\"Inspection_Id\",\"jdbcType\":-5,\"columnTypeName\":\"BIGINT\",\"columnDecimalDigits\":0,\"autoGenerated\":false,\"creatable\":true,\"updatable\":true,\"primary\":false,\"softDelete\":false,\"lastModified\":false},{\"name\":\"Measurement_Range_Id\",\"jdbcType\":-5,\"columnTypeName\":\"BIGINT\",\"columnDecimalDigits\":0,\"autoGenerated\":false,\"creatable\":true,\"updatable\":true,\"primary\":false,\"softDelete\":false,\"lastModified\":false},{\"name\":\"Measurement_Set_Id\",\"jdbcType\":-5,\"columnTypeName\":\"BIGINT\",\"columnDecimalDigits\":0,\"autoGenerated\":false,\"creatable\":true,\"updatable\":true,\"primary\":false,\"softDelete\":false,\"lastModified\":false},{\"name\":\"Measurement_Images_Id\",\"jdbcType\":-5,\"columnTypeName\":\"BIGINT\",\"columnDecimalDigits\":0,\"autoGenerated\":false,\"creatable\":true,\"updatable\":true,\"primary\":false,\"softDelete\":false,\"lastModified\":false},{\"name\":\"id\",\"jdbcType\":4,\"columnTypeName\":\"INT\",\"columnDecimalDigits\":0,\"autoGenerated\":false,\"creatable\":true,\"updatable\":true,\"primary\":false,\"softDelete\":false,\"lastModified\":false},{\"name\":\"CreatedTimestamp\",\"jdbcType\":93,\"columnTypeName\":\"TIMESTAMP\",\"columnDecimalDigits\":0,\"autoGenerated\":false,\"creatable\":true,\"updatable\":true,\"primary\":false,\"softDelete\":false,\"lastModified\":false},{\"name\":\"LastUpdatedTimestamp\",\"jdbcType\":93,\"columnTypeName\":\"TIMESTAMP\",\"columnDecimalDigits\":0,\"autoGenerated\":false,\"creatable\":true,\"updatable\":true,\"primary\":false,\"softDelete\":false,\"lastModified\":false}],\"relationshipTypeList\":[{\"targetEntityType\":{\"name\":\"measurement_images\",\"schemaName\":\"inspectionsoffline\"},\"relationshipAttributeTypeList\":[{\"sourceEntityAttributeType\":{\"name\":\"Measurement_History_Id\",\"jdbcType\":0,\"columnDecimalDigits\":0,\"autoGenerated\":false,\"creatable\":false,\"updatable\":false,\"primary\":false,\"softDelete\":false,\"lastModified\":false},\"targetEntityAttributeType\":{\"name\":\"Measurement_History_Id\",\"jdbcType\":0,\"columnDecimalDigits\":0,\"autoGenerated\":false,\"creatable\":false,\"updatable\":false,\"primary\":false,\"softDelete\":false,\"lastModified\":false}}],\"cascadeDelete\":false,\"relationshipType\":\"ONE_TO_MANY\"}],\"name\":\"measurement_hstry\",\"schemaName\":\"inspectionsoffline\",\"entityType\":\"com.kony.rdbms.metadata.model.AnnotatedTable\"}",
    "opcode" : "create",
    "backendMeta" : {
      "qualifiedObjectName" : "inspectionsoffline.measurement_hstry",
      "backendObjectName" : "measurement_hstry"
    },
    "relationshipHierarchyMapping" : {
      "children" : [ {
        "children" : [ ],
        "name" : "measurement_images",
        "actions" : {
          "create" : true,
          "update" : true
        },
        "selected" : true
      } ],
      "name" : "measurement_hstry",
      "actions" : {
        "create" : true,
        "update" : true
      },
      "selected" : true
    },
    "requestXmlMappingOverride" : false,
    "responseXmlMappingOverride" : false
  }
}