<?xml version="1.0" encoding="UTF-8" standalone="yes"?>
<service serviceGroup="" cachable="false" cacheduration="" description="" endpoint="default" groupType="" id="sendPushNotification" passwordencrypted="false" security="public" type="jsonConnector" smscode="" smsenabled="false">
    <service-config>
        <config-param api-version="" appid="" name="preprocessorname" value=""/>
        <config-param api-version="" appid="" name="postprocessorname" value=""/>
        <config-param api-version="" appid="" name="preprocessorJS" value=""/>
        <config-param api-version="" appid="" name="postprocessorJS" value=""/>
        <config-param api-version="" appid="" name="kony_http_supported_methods" value="POST"/>
        <config-param api-version="" appid="" name="endpointUrl" value="https://fmg-uat.messaging.konycloud.com/api/v1/messages/push"/>
        <config-param api-version="" appid="" name="ignorehttpproxy" value="true"/>
        <config-param api-version="" appid="" name="http.method" value="POST"/>
        <config-param api-version="" appid="" name="dataObjectName" value=""/>
        <config-param api-version="" appid="" name="sockettimeout" value=""/>
        <config-param api-version="" appid="" name="responseEncoding" value="UTF-8"/>
        <config-param api-version="" appid="" name="isembedxmlpresent" value="false"/>
        <config-param api-version="" appid="" name="retrycount" value="0"/>
    </service-config>
    <service-input passthrough="false">
        <header datatype="" name="" passthrough="false">
            <param datatype="string" defaultvalue="application/json" description="" encode="false" format="None" formatvalue="" name="Content-Type" order="" sms-name="" src="constant" sourcevalue="application/json" srcformatvalue="" target="" targetdatatype="" testvalue="" value="application/json">
                <accessType></accessType>
            </param>
            <param datatype="string" defaultvalue="" description="" encode="false" format="None" formatvalue="" name="X-Kony-Authorization" order="" sms-name="" src="session" sourcevalue="session_token" srcformatvalue="" target="" targetdatatype="" testvalue="" value="">
                <accessType></accessType>
            </param>
        </header>
        <param datatype="string" defaultvalue="1625ac1f-fd72-4f18-b7c8-652224434cf4" description="" encode="true" format="None" formatvalue="" name="appId" order="" passnull="false" sms-name="" src="request" sourcevalue="" srcformatvalue="" target="request" targetdatatype="java.lang.String" testvalue="" value="1625ac1f-fd72-4f18-b7c8-652224434cf4">
            <accessType></accessType>
        </param>
        <param datatype="string" defaultvalue="" description="" encode="true" format="None" formatvalue="" name="msg" order="" passnull="false" sms-name="" src="request" sourcevalue="" srcformatvalue="" target="request" targetdatatype="java.lang.String" testvalue="sample message" value="">
            <accessType></accessType>
        </param>
        <param datatype="string" defaultvalue="[ { &quot;allActive&quot;: &quot;true&quot;}]" description="" encode="true" format="None" formatvalue="" name="subscribers" order="" passnull="false" sms-name="" src="request" sourcevalue="" srcformatvalue="" target="request" targetdatatype="java.lang.String" testvalue="" value="[ { &quot;allActive&quot;: &quot;true&quot;}]">
            <accessType></accessType>
        </param>
        <param datatype="string" defaultvalue="https://fmg-uat.konycloud.com/apps/JourneyManagemen/?event_id=1&amp;formname=frmJourneyList" description="" encode="true" format="None" formatvalue="" name="clickAction" order="" passnull="false" sms-name="" src="request" sourcevalue="" srcformatvalue="" target="request" targetdatatype="java.lang.String" testvalue="" value="https://fmg-uat.konycloud.com/apps/JourneyManagemen/?event_id=1&amp;formname=frmJourneyList">
            <accessType></accessType>
        </param>
        <template-param datatype="" defaultvalue="{&#xA;  &quot;messageRequest&quot; : {&#xA;    &quot;appId&quot; : &quot;$appId&quot;,&#xA;    &quot;global&quot; : { },&#xA;    &quot;messages&quot; : {&#xA;      &quot;message&quot; : {&#xA;        &quot;content&quot; : {&#xA;          &quot;priorityService&quot; : &quot;true&quot;,&#xA;          &quot;data&quot; : &quot;$msg&quot;,&#xA;          &quot;mimeType&quot; : &quot;text/plain&quot;&#xA;        },&#xA;        &quot;overrideMessageId&quot; : 0,&#xA;        &quot;startTimestamp&quot; : &quot;0&quot;,&#xA;        &quot;expiryTimestamp&quot; : &quot;0&quot;,&#xA;        &quot;subscribers&quot; : {&#xA;          &quot;subscriber&quot; : $subscribers&#xA;        },&#xA;        &quot;platformSpecificProps&quot; : {&#xA;          &quot;title&quot; : &quot;Notification For Journey Admin Application&quot;,&#xA;          &quot;iphone&quot; : {&#xA;            &quot;title&quot; : &quot;Notification For Journey Admin Application&quot;,&#xA;            &quot;customData&quot; : { }&#xA;          },&#xA;          &quot;blackberry&quot; : { },&#xA;          &quot;android&quot; : {&#xA;            &quot;title&quot; : &quot;Notification For Journey Admin Application&quot;&#xA;          },&#xA;          &quot;jpush&quot; : {&#xA;            &quot;key&quot; : [ {&#xA;              &quot;name&quot; : &quot;title&quot;,&#xA;              &quot;value&quot; : &quot;Notification For Journey Admin Application&quot;&#xA;            } ]&#xA;          },&#xA;          &quot;windows&quot; : {&#xA;            &quot;notificationType&quot; : &quot;TOAST&quot;,&#xA;            &quot;text1&quot; : &quot;Notification For Journey Admin Application&quot;,&#xA;            &quot;text2&quot; : &quot;Notification For Journey Admin Application&quot;,&#xA;            &quot;params&quot; : { }&#xA;          },&#xA;          &quot;wns&quot; : {&#xA;            &quot;notificationType&quot; : &quot;TOAST&quot;,&#xA;            &quot;text1&quot; : &quot;Notification For Journey Admin Application&quot;,&#xA;            &quot;text2&quot; : &quot;Notification For Journey Admin Application&quot;,&#xA;            &quot;params&quot; : { },&#xA;            &quot;image&quot; : { },&#xA;            &quot;text&quot; : { }&#xA;          },&#xA;          &quot;webfcm&quot; : {&#xA;            &quot;clickAction&quot; :&quot;$clickAction&quot;&#xA;          }&#xA;        },&#xA;        &quot;type&quot; : &quot;PUSH&quot;&#xA;      }&#xA;    }&#xA;  }&#xA;}" description="" encode="false" format="" formatvalue="" name="message" order="" sms-name="" src="" sourcevalue="" srcformatvalue="" target="" targetdatatype="" value="{&#xA;  &quot;messageRequest&quot; : {&#xA;    &quot;appId&quot; : &quot;$appId&quot;,&#xA;    &quot;global&quot; : { },&#xA;    &quot;messages&quot; : {&#xA;      &quot;message&quot; : {&#xA;        &quot;content&quot; : {&#xA;          &quot;priorityService&quot; : &quot;true&quot;,&#xA;          &quot;data&quot; : &quot;$msg&quot;,&#xA;          &quot;mimeType&quot; : &quot;text/plain&quot;&#xA;        },&#xA;        &quot;overrideMessageId&quot; : 0,&#xA;        &quot;startTimestamp&quot; : &quot;0&quot;,&#xA;        &quot;expiryTimestamp&quot; : &quot;0&quot;,&#xA;        &quot;subscribers&quot; : {&#xA;          &quot;subscriber&quot; : $subscribers&#xA;        },&#xA;        &quot;platformSpecificProps&quot; : {&#xA;          &quot;title&quot; : &quot;Notification For Journey Admin Application&quot;,&#xA;          &quot;iphone&quot; : {&#xA;            &quot;title&quot; : &quot;Notification For Journey Admin Application&quot;,&#xA;            &quot;customData&quot; : { }&#xA;          },&#xA;          &quot;blackberry&quot; : { },&#xA;          &quot;android&quot; : {&#xA;            &quot;title&quot; : &quot;Notification For Journey Admin Application&quot;&#xA;          },&#xA;          &quot;jpush&quot; : {&#xA;            &quot;key&quot; : [ {&#xA;              &quot;name&quot; : &quot;title&quot;,&#xA;              &quot;value&quot; : &quot;Notification For Journey Admin Application&quot;&#xA;            } ]&#xA;          },&#xA;          &quot;windows&quot; : {&#xA;            &quot;notificationType&quot; : &quot;TOAST&quot;,&#xA;            &quot;text1&quot; : &quot;Notification For Journey Admin Application&quot;,&#xA;            &quot;text2&quot; : &quot;Notification For Journey Admin Application&quot;,&#xA;            &quot;params&quot; : { }&#xA;          },&#xA;          &quot;wns&quot; : {&#xA;            &quot;notificationType&quot; : &quot;TOAST&quot;,&#xA;            &quot;text1&quot; : &quot;Notification For Journey Admin Application&quot;,&#xA;            &quot;text2&quot; : &quot;Notification For Journey Admin Application&quot;,&#xA;            &quot;params&quot; : { },&#xA;            &quot;image&quot; : { },&#xA;            &quot;text&quot; : { }&#xA;          },&#xA;          &quot;webfcm&quot; : {&#xA;            &quot;clickAction&quot; :&quot;$clickAction&quot;&#xA;          }&#xA;        },&#xA;        &quot;type&quot; : &quot;PUSH&quot;&#xA;      }&#xA;    }&#xA;  }&#xA;}">
            <accessType></accessType>
        </template-param>
        <stub-param value=""/>
    </service-input>
    <service-output passthrough="false"/>
</service>
