{
  "operationConfig" : {
    "name" : "deletemeasurement5935",
    "type" : "MappedToBackend",
    "cachable" : false,
    "smsEnabled" : false,
    "security" : "authorized_app_user",
    "responseEncoding" : "UTF-8",
    "httpMethod" : "GET",
    "decodeResponseBody" : false,
    "referencingEndpoint" : "default",
    "inputs" : [ {
      "id" : "Measurement_Id",
      "scope" : "request",
      "dataType" : "number",
      "encode" : true,
      "passNull" : false
    } ],
    "applyCommonMapping" : true,
    "applyRequestCommonMapping" : true,
    "applyResponseCommonMapping" : true,
    "entityMetadata" : "{\"entityAttributeTypeList\":[{\"name\":\"Measurement_Id\",\"jdbcType\":-5,\"columnTypeName\":\"BIGINT\",\"columnDecimalDigits\":0,\"autoGenerated\":true,\"creatable\":false,\"updatable\":false,\"primary\":true,\"softDelete\":false,\"lastModified\":false},{\"name\":\"Name\",\"jdbcType\":12,\"columnTypeName\":\"VARCHAR\",\"columnDecimalDigits\":0,\"autoGenerated\":false,\"creatable\":true,\"updatable\":true,\"primary\":false,\"softDelete\":false,\"lastModified\":false},{\"name\":\"Description\",\"jdbcType\":12,\"columnTypeName\":\"VARCHAR\",\"columnDecimalDigits\":0,\"autoGenerated\":false,\"creatable\":true,\"updatable\":true,\"primary\":false,\"softDelete\":false,\"lastModified\":false},{\"name\":\"UOM\",\"jdbcType\":12,\"columnTypeName\":\"VARCHAR\",\"columnDecimalDigits\":0,\"autoGenerated\":false,\"creatable\":true,\"updatable\":true,\"primary\":false,\"softDelete\":false,\"lastModified\":false},{\"name\":\"SoftDeleteFlag\",\"jdbcType\":-7,\"columnTypeName\":\"BIT\",\"columnDecimalDigits\":0,\"autoGenerated\":false,\"creatable\":true,\"updatable\":true,\"primary\":false,\"softDelete\":true,\"lastModified\":false},{\"name\":\"CreatedTimestamp\",\"jdbcType\":93,\"columnTypeName\":\"TIMESTAMP\",\"columnDecimalDigits\":0,\"autoGenerated\":false,\"creatable\":true,\"updatable\":true,\"primary\":false,\"softDelete\":false,\"lastModified\":false},{\"name\":\"LastUpdatedTimestamp\",\"jdbcType\":93,\"columnTypeName\":\"TIMESTAMP\",\"columnDecimalDigits\":0,\"autoGenerated\":false,\"creatable\":true,\"updatable\":true,\"primary\":false,\"softDelete\":false,\"lastModified\":false}],\"relationshipTypeList\":[],\"name\":\"measurement\",\"schemaName\":\"inspectionsoffline\",\"entityType\":\"com.kony.rdbms.metadata.model.AnnotatedTable\"}",
    "opcode" : "delete",
    "backendMeta" : {
      "qualifiedObjectName" : "inspectionsoffline.measurement",
      "backendObjectName" : "measurement"
    },
    "relationshipHierarchyMapping" : {
      "children" : [ ],
      "name" : "measurement",
      "actions" : {
        "delete" : true
      },
      "selected" : true
    },
    "requestXmlMappingOverride" : false,
    "responseXmlMappingOverride" : false
  }
}