{
  "name" : "default",
  "dataAdapterId" : "1",
  "type" : "CustomDataAdapter",
  "encryptSecureInfo" : false,
  "config" : {
    "authservicetype" : "IdentityProvider",
    "jdbcClass" : "com.mysql.jdbc.Driver",
    "jdbcUrl" : "jdbc:mysql://rds-caa559b5-d98f-4161-a72c-c1778d74a004-fmg.cydg1jdoku7e.ap-southeast-2.rds.amazonaws.com:3306/",
    "userId" : "test_user",
    "password" : "K0nyTest",
    "advancedSettings" : null,
    "maxPoolSize" : null,
    "connectionTimeout" : null
  },
  "jsonpath" : false
}