[ {
  "sourceObject" : "checklist_questions_master_tbl",
  "targetObject" : "question_localisation_mapping_tbl",
  "relationshipKeys" : [ {
    "sourceField" : "question_id_pk",
    "targetField" : "question_id_fk",
    "etag" : "fae1a060-f492-4b91-bbc1-faf9aa09ca90"
  } ],
  "name" : "checklist_questions_master_tbl_question_localisation_mapping_tbl",
  "type" : "OneToMany",
  "custom" : false,
  "cascadeDelete" : false
}, {
  "sourceObject" : "checklist_questions_master_tbl",
  "targetObject" : "question_options_tbl",
  "relationshipKeys" : [ {
    "sourceField" : "question_id_pk",
    "targetField" : "question_id_fk",
    "etag" : "6c1cd256-a8b9-420d-b0e0-fd5da2de699d"
  } ],
  "name" : "checklist_questions_master_tbl_question_options_tbl",
  "type" : "OneToMany",
  "custom" : false,
  "cascadeDelete" : false
}, {
  "sourceObject" : "checklist_questions_master_tbl",
  "targetObject" : "user_answers_tbl",
  "relationshipKeys" : [ {
    "sourceField" : "question_type_id_fk",
    "targetField" : "question_id_fk",
    "etag" : "dd6297c9-c21a-4a3c-988d-74ef90c35dd8"
  } ],
  "name" : "checklist_questions_master_tbl_user_answers_tbl",
  "type" : "OneToMany",
  "custom" : false,
  "cascadeDelete" : false
} ]