[ {
  "sourceObject" : "country_master_tbl",
  "targetObject" : "guides_manuals_tbl",
  "relationshipKeys" : [ {
    "sourceField" : "country_id_pk",
    "targetField" : "country_id_fk",
    "etag" : "4bbd2972-8208-4a73-b78b-2c15da7e8bcf"
  } ],
  "name" : "country_master_tbl_guides_manuals_tbl",
  "type" : "OneToMany",
  "custom" : false,
  "cascadeDelete" : false
}, {
  "sourceObject" : "country_master_tbl",
  "targetObject" : "question_localisation_mapping_tbl",
  "relationshipKeys" : [ {
    "sourceField" : "country_id_pk",
    "targetField" : "country_id_fk",
    "etag" : "b2297e80-b584-47fc-9865-61c01363631a"
  } ],
  "name" : "country_master_tbl_question_localisation_mapping_tbl",
  "type" : "OneToMany",
  "custom" : false,
  "cascadeDelete" : false
}, {
  "sourceObject" : "country_master_tbl",
  "targetObject" : "region_master_tbl",
  "relationshipKeys" : [ {
    "sourceField" : "country_id_pk",
    "targetField" : "country_id_fk",
    "etag" : "b186bf00-dae8-4dfb-a4ec-faf7a68b3d04"
  } ],
  "name" : "country_master_tbl_region_master_tbl",
  "type" : "OneToMany",
  "custom" : false,
  "cascadeDelete" : false
} ]